perfil,familia,sector
OPERACIONES DE ANÁLISIS DE PROCESOS DE PRODUCCIÓN DE BEBIDAS,PRODUCCIÓN INDUSTRIAL DE BEBIDAS Y TABACOS,ELABORACIÓN DE BEBIDAS
OPERACIONES AUXILIARES EN PRODUCCIÓN DE BEBIDAS,PRODUCCIÓN INDUSTRIAL DE BEBIDAS Y TABACOS,ELABORACIÓN DE BEBIDAS
OPERACIONES DE MANTENIMIENTO Y REPARACIÓN DE MÁQUINAS Y EQUIPOS PARA LA INDUSTRIA ALIMENTARIA,PRODUCCIÓN INDUSTRIAL DE BEBIDAS Y TABACOS,ELABORACIÓN DE BEBIDAS
MANIPULACIÓN Y PREPARACIÓN DE ALIMENTOS PARA EL TURISMO COMUNITARIO,TURISMO Y ALIMENTACIÓN,ELABORACIÓN DE PRODUCTOS ALIMENTICIOS
MOLDEADO EN FUNDICIÓN DE ARENA,METALMECÁNICA,FABRICACIÓN DE METALES COMUNES
OPERACIONES AUXILIARES DE TOPOGRAFÍA (CADENERO),"MINAS, CANTERAS Y YACIMIENTOS",EXPLOTACIÓN DE OTRAS MINAS Y CANTERAS
TÉCNICAS DE MANEJO DE GANADO LECHERO,PRODUCCIÓN PECUARIA,"AGRICULTURA, GANADERÍA, CAZA Y ACTIVIDADES DE SERVICIOS CONEXAS"
CONFECCIÓN TEXTIL,"PRODUCTOS TEXTILES, CUERO Y CALZADO",FABRICACIÓN DE PRENDAS DE VESTIR
CURTIDURÍA,"PRODUCTOS TEXTILES, CUERO Y CALZADO",FABRICACIÓN DE CUEROS Y PRODUCTOS CONEXOS
CONTROL DE CALIDAD EN ACTIVIDADES DE FUNDICIÓN,METALMECÁNICA,FABRICACIÓN DE METALES COMUNES
OPERACIONES DE ANÁLISIS DE PROCESOS DE PRODUCCIÓN DE BEBIDAS,PRODUCCIÓN INDUSTRIAL DE BEBIDAS Y TABACOS,ELABORACIÓN DE BEBIDAS
OPERACIONES AUXILIARES EN PRODUCCIÓN DE BEBIDAS,PRODUCCIÓN INDUSTRIAL DE BEBIDAS Y TABACOS,ELABORACIÓN DE BEBIDAS
OPERACIONES DE MANTENIMIENTO Y REPARACIÓN DE MÁQUINAS Y EQUIPOS PARA LA INDUSTRIA ALIMENTARIA,PRODUCCIÓN INDUSTRIAL DE BEBIDAS Y TABACOS,ELABORACIÓN DE BEBIDAS
MANIPULACIÓN Y PREPARACIÓN DE ALIMENTOS PARA EL TURISMO COMUNITARIO,TURISMO Y ALIMENTACIÓN,ELABORACIÓN DE PRODUCTOS ALIMENTICIOS
MOLDEADO EN FUNDICIÓN DE ARENA,METALMECÁNICA,FABRICACIÓN DE METALES COMUNES
OPERACIONES AUXILIARES DE TOPOGRAFÍA (CADENERO),"MINAS, CANTERAS Y YACIMIENTOS",EXPLOTACIÓN DE OTRAS MINAS Y CANTERAS
TÉCNICAS DE MANEJO DE GANADO LECHERO,PRODUCCIÓN PECUARIA,"AGRICULTURA, GANADERÍA, CAZA Y ACTIVIDADES DE SERVICIOS CONEXAS"
CONFECCIÓN TEXTIL,"PRODUCTOS TEXTILES, CUERO Y CALZADO",FABRICACIÓN DE PRENDAS DE VESTIR
CURTIDURÍA,"PRODUCTOS TEXTILES, CUERO Y CALZADO",FABRICACIÓN DE CUEROS Y PRODUCTOS CONEXOS
CONTROL DE CALIDAD EN ACTIVIDADES DE FUNDICIÓN,METALMECÁNICA,FABRICACIÓN DE METALES COMUNES
FUSIÓN Y COLADA,METALMECÁNICA,FABRICACIÓN DE METALES COMUNES
OPERACIONES DE ENSAMBLADO METÁLICO,METALMECÁNICA,"FABRICACIÓN DE PRODUCTOS ELABORADOS DE METAL, EXCEPTO MAQUINARIA Y EQUIPO"
OPERACIONES DE PRENSADO,METALMECÁNICA,"FABRICACIÓN DE PRODUCTOS ELABORADOS DE METAL, EXCEPTO MAQUINARIA Y EQUIPO"
MECÁNICA DE AVIACIÓN,"VEHÍCULOS, AUTOMOTORES, CARROCERÍAS Y SUS PARTES",FABRICACIÓN DE OTROS TIPOS DE EQUIPOS DE TRANSPORTE
METROLOGÍA EN PROCESOS DE CALIBRACIÓN,"VEHÍCULOS, AUTOMOTORES, CARROCERÍAS Y SUS PARTES",REPARACIÓN E INSTALACIÓN DE MAQUINARIA Y EQUIPO
TRANSPORTE DE MATERIALES PARA ACTIVIDADES MINERAS,"MINAS, CANTERAS Y YACIMIENTOS",EXPLOTACIÓN DE OTRAS MINAS Y CANTERAS
OPERACIONES DE TRANSPORTE EN MINA,"MINAS, CANTERAS Y YACIMIENTOS",ACTIVIDADES DE SERVICIOS DE APOYO PARA LA EXPLOTACIÓN DE MINAS Y CANTERAS
ASISTENCIA EN LA GESTIÓN DE SEGURIDAD Y SALUD EN EL TRABAJO,ACTIVIDADES TIPO SERVICIOS,ACTIVIDADES DE OFICINAS PRINCIPALES; ACTIVIDADES DE CONSULTORÍA DE GESTIÓN
GESTIÓN EN SEGURIDAD Y PREVENCIÓN DE RIESGOS LABORALES,"TRANSPORTE, ALMACENAMIENTO Y LOGÍSTICA",ACTIVIDADES DE OFICINAS PRINCIPALES; ACTIVIDADES DE CONSULTORÍA DE GESTIÓN
OPERACIONES MECÁNICAS EN CAMPAMENTO,"MINAS, CANTERAS Y YACIMIENTOS",ACTIVIDADES DE SERVICIOS DE APOYO PARA LA EXPLOTACIÓN DE MINAS Y CANTERAS
OPERACIONES MECÁNICAS EN MINA,"MINAS, CANTERAS Y YACIMIENTOS",ACTIVIDADES DE SERVICIOS DE APOYO PARA LA EXPLOTACIÓN DE MINAS Y CANTERAS
OPERACIONES MECÁNICAS EQUIPOS DE MINA,"MINAS, CANTERAS Y YACIMIENTOS",ACTIVIDADES DE SERVICIOS DE APOYO PARA LA EXPLOTACIÓN DE MINAS Y CANTERAS
PREPARACIÓN Y SERVICIO DE BEBIDAS EN BAR (BARMAN),TURISMO Y ALIMENTACIÓN,SERVICIO DE ALIMENTO Y BEBIDA
DIRECCIÓN DE MESEROS,TURISMO Y ALIMENTACIÓN,SERVICIO DE ALIMENTO Y BEBIDA
OPERACIONES DE TRANSPORTE CON VOLQUETE EN MINA,"MINAS, CANTERAS Y YACIMIENTOS",ACTIVIDADES DE SERVICIOS DE APOYO PARA LA EXPLOTACIÓN DE MINAS Y CANTERAS
AGENTE DE VENTAS - NTE INEN 2 445: 2008,COMERCIALIZACIÓN Y VENTA DE PRODUCTOS,"ACTIVIDADES DE AGENCIAS DE VIAJES, OPERADORES TURÍSTICOS, SERVICIOS DE RESERVAS Y ACTIVIDADES CONEXAS"
VENTAS E INFORMACIÓN TURÍSTICA,COMERCIALIZACIÓN Y VENTA DE PRODUCTOS,"ACTIVIDADES DE AGENCIAS DE VIAJES, OPERADORES TURÍSTICOS, SERVICIOS DE RESERVAS Y ACTIVIDADES CONEXAS"
GUIA ESPECIALIZADO EN TURISMO CULTURAL - NTE INEN 2 462: 2008,TURISMO Y ALIMENTACIÓN,"ACTIVIDADES DE AGENCIAS DE VIAJES, OPERADORES TURÍSTICOS, SERVICIOS DE RESERVAS Y ACTIVIDADES CONEXAS"
COORDINACION DE CENTRO INFANTIL DEL BUEN VIVIR (CIBV),ACTIVIDADES DE ENSEÑANZA,ENSEÑANZA
ELABORACIÓN DE PRODUCTOS A BASE DE CHOCOLATE,TRANSFORMACIÓN DE ALIMENTOS (INCLUYE AGROINDUSTRIA),ELABORACIÓN DE PRODUCTOS ALIMENTICIOS
TÉCNICAS EN SERVICIO PARA HOTELES BARES Y RESTAURANTES,TURISMO Y ALIMENTACIÓN,ACTIVIDADES DE ALOJAMIENTO
COMERCIALIZACIÓN Y VENTAS A NIVEL INTERNACIONAL,COMERCIALIZACIÓN Y VENTA DE PRODUCTOS,"COMERCIO AL POR MAYOR, EXCEPTO EL DE VEHÍCULOS AUTOMOTORES Y MOTOCICLETAS"
OPERACIONES DE MÁQUINA DE PRENSADO DE CACAO,TRANSFORMACIÓN DE ALIMENTOS (INCLUYE AGROINDUSTRIA),ELABORACIÓN DE PRODUCTOS ALIMENTICIOS
CHEF PASTELERO - PANADERO - NTE INEN 2 457: 2008,TURISMO Y ALIMENTACIÓN,ELABORACIÓN DE PRODUCTOS ALIMENTICIOS
OPERACIONES ESPECIALIZADAS EN ELABORACIÓN DE FRUTOS SECOS,TRANSFORMACIÓN DE ALIMENTOS (INCLUYE AGROINDUSTRIA),ELABORACIÓN DE PRODUCTOS ALIMENTICIOS
EDUCACION DE CENTRO INFANTIL DEL BUEN VIVIR,ACTIVIDADES DE ENSEÑANZA,ENSEÑANZA
RECEPCIÓN Y ATENCIÓN DE CLIENTES EN SERVICIOS DE ALOJAMIENTO,TURISMO Y ALIMENTACIÓN,ACTIVIDADES DE ALOJAMIENTO
ENCARGADO DE MANTENIMIENTO - NTE INEN 2 434: 2008,TURISMO Y ALIMENTACIÓN,"ACTIVIDADES DE AGENCIAS DE VIAJES, OPERADORES TURÍSTICOS, SERVICIOS DE RESERVAS Y ACTIVIDADES CONEXAS"
SEGURIDAD ALIMENTARIA PARA PERSONAL OPERATIVO - NTE INEN 2 458: 2008,TURISMO Y ALIMENTACIÓN,SERVICIO DE ALIMENTO Y BEBIDA
PANADERÍA,TRANSFORMACIÓN DE ALIMENTOS (INCLUYE AGROINDUSTRIA),ELABORACIÓN DE PRODUCTOS ALIMENTICIOS
"ALMACENAMIENTO, EXPEDICIÓN Y VENTA DE PRODUCTOS Y/O SERVICIOS",COMERCIALIZACIÓN Y VENTA DE PRODUCTOS,"COMERCIO AL POR MAYOR, EXCEPTO EL DE VEHÍCULOS AUTOMOTORES Y MOTOCICLETAS"
PREPARACIONES GASTRONÓMICAS DE COCINA,TURISMO Y ALIMENTACIÓN,ELABORACIÓN DE PRODUCTOS ALIMENTICIOS
OPERACIONES DE MÁQUINA DE TOSTADO MOLIENDA Y REFINADO DE CACAO,TRANSFORMACIÓN DE ALIMENTOS (INCLUYE AGROINDUSTRIA),ELABORACIÓN DE PRODUCTOS ALIMENTICIOS
OPERACIONES DEL PROCESAMIENTO DE PRODUCTOS LÁCTEOS,TRANSFORMACIÓN DE ALIMENTOS (INCLUYE AGROINDUSTRIA),ELABORACIÓN DE PRODUCTOS ALIMENTICIOS
GESTIÓN CULINARIA (CHEF DE COCINA),TURISMO Y ALIMENTACIÓN,ELABORACIÓN DE PRODUCTOS ALIMENTICIOS
OPERACIONES AUXILIARES EN PROSPECCIÓN Y EXPLORACIÓN GEOLÓGICA,"MINAS, CANTERAS Y YACIMIENTOS",ACTIVIDADES DE SERVICIOS DE APOYO PARA LA EXPLOTACIÓN DE MINAS Y CANTERAS
MANIPULACIÓN DE CABLEADO ELÉCTRICO EN MINA,"MINAS, CANTERAS Y YACIMIENTOS",ACTIVIDADES DE SERVICIOS DE APOYO PARA LA EXPLOTACIÓN DE MINAS Y CANTERAS
OPERACIONES DE MANTENIMIENTO DE PLANTA,"VEHÍCULOS, AUTOMOTORES, CARROCERÍAS Y SUS PARTES",REPARACIÓN E INSTALACIÓN DE MAQUINARIA Y EQUIPO
GUIANZA NACIONAL ESPECIALIZADA EN PATRIMONIO TURÍSTICO,TURISMO Y ALIMENTACIÓN,"ACTIVIDADESDEAGENCIASDEVIAJES,OPERADORESTURÍSTICOS,SERVICIOS DE RESERVAS Y ACTIVIDADES CONEXAS"
LIMPIEZA DE UTENSILIOS Y EQUIPOS DE RESTAURANTE (POSILLERO),TURISMO Y ALIMENTACIÓN,ACTIVIDADES DE ALOJAMIENTO
OPERACIONES DE MONITOR DE INSUMOS Y SERVICIOS,"MINAS, CANTERAS Y YACIMIENTOS",ACTIVIDADES DE SERVICIOS DE APOYO PARA LA EXPLOTACIÓN DE MINAS Y CANTERAS
ADMINISTRACIÓN DE INFRAESTRUCTURA DE TECNOLOGÍA DE LA INFORMACIÓN CON TECNOLOGÍAS LIBRES,TECNOLOGÍA: HARDWARE Y SOFTWARE (INCLUYE TIC),"PROGRAMACIÓN INFORMÁTICA, CONSULTORÍA DE INFORMÁTICA Y ACTIVIDADES CONEXAS"
RECUBRIMIENTO Y ESMALTADO DE UTENSILIOS DE USO DOMESTICO,METALMECÁNICA,"FABRICACIÓN DE PRODUCTOS ELABORADOS DE METAL, EXCEPTO MAQUINARIA Y EQUIPO"
PROSPECCIÓN JUNIOR EN MINA,"MINAS, CANTERAS Y YACIMIENTOS",ACTIVIDADES DE SERVICIOS DE APOYO PARA LA EXPLOTACIÓN DE MINAS Y CANTERAS
SERVICIO POLIVALENTE AL CLIENTE EN ALIMENTOS Y BEBIDAS (MESERO POLIVALENTE),TURISMO Y ALIMENTACIÓN,SERVICIO DE ALIMENTO Y BEBIDA
RECEPCIÓN Y ATENCIÓN POLIVALENTE DE CLIENTES (RECEPCIONISTA POLIVALENTE),TURISMO Y ALIMENTACIÓN,ACTIVIDADES DE ALOJAMIENTO
OPERACIONES AUXILIARES DE ALBAÑILERÍA,CONSTRUCCIÓN,CONSTRUCCIÓN DE EDIFICIOS
SOPORTE EN BAR (AYUDANTE DE BARTENDER),TURISMO Y ALIMENTACIÓN,SERVICIO DE ALIMENTO Y BEBIDA
SOPORTE EN LAVANDERÍA Y ROPERÍA (AYUDANTE),TURISMO Y ALIMENTACIÓN,ACTIVIDADES DE ALOJAMIENTO
PROMOCIÓN Y MARKETING,ACTIVIDADES TIPO SERVICIOS,"COMERCIO AL POR MENOR, EXCEPTO EL DE VEHÍCULOS AUTOMOTORES Y MOTOCICLETAS"
OPERACIONES AUXILIARES DE CAMPAMENTO,"MINAS, CANTERAS Y YACIMIENTOS",ACTIVIDADES DE SERVICIOS DE APOYO PARA LA EXPLOTACIÓN DE MINAS Y CANTERAS
ACTIVIDADES DE ANFITRIÓN/ (HOSTESS),TURISMO Y ALIMENTACIÓN,SERVICIO DE ALIMENTO Y BEBIDA
DIGITACIÓN DE BASE DE DATOS EN MINA,"MINAS, CANTERAS Y YACIMIENTOS",EXPLOTACIÓN DE OTRAS MINAS Y CANTERAS
DESPACHO DE COMBUSTIBLE,COMERCIALIZACIÓN Y VENTA DE PRODUCTOS,"COMERCIO AL POR MENOR, EXCEPTO EL DE VEHÍCULOS AUTOMOTORES Y MOTOCICLETAS"
PREVENCION INTEGRAL DEL USO Y CONSUMO DE DROGAS,ACTIVIDADES TIPO SERVICIOS,ACTIVIDADES DE OFICINAS PRINCIPALES; ACTIVIDADES DE CONSULTORÍA DE GESTIÓN
ASISTENCIA EN TOPOGRAFÍA,"MINAS, CANTERAS Y YACIMIENTOS",EXPLOTACIÓN DE OTRAS MINAS Y CANTERAS
OPERACIÓN POLIVALENTE DE COCINA (COCINERO POLIVALENTE),TURISMO Y ALIMENTACIÓN,ELABORACIÓN DE PRODUCTOS ALIMENTICIOS
TÉCNICAS EN ARTE CULINARIO ECUATORIANO,TURISMO Y ALIMENTACIÓN,ELABORACIÓN DE PRODUCTOS ALIMENTICIOS
OPERACIONES PARA LA ELABORACIÓN DE HORMIGONES,CONSTRUCCIÓN,FABRICACIÓN DE OTROS PRODUCTOS MINERALES NO METÁLICOS
OPERACIONES DE ENTOMOLOGÍA EN CULTIVOS DE PALMA,AGRICULTURA Y PLANTACIONES,"AGRICULTURA, GANADERÍA, CAZA Y ACTIVIDADES DE SERVICIOS CONEXAS"
CORTADO INDUSTRIAL DE CONFECCIÓN TEXTIL,"PRODUCTOS TEXTILES, CUERO Y CALZADO",FABRICACIÓN DE PRODUCTOS TEXTILES
OPERACIONES DE TOPOGRAFÍA SUPERFICAL Y SUBTERRÁNEA,"MINAS, CANTERAS Y YACIMIENTOS",ACTIVIDADES DE SERVICIOS DE APOYO PARA LA EXPLOTACIÓN DE MINAS Y CANTERAS
TÉCNICAS DE PRODUCCIÓN PECUARIA,PRODUCCIÓN PECUARIA,"AGRICULTURA, GANADERÍA, CAZA Y ACTIVIDADES DE SERVICIOS CONEXAS"
TÉCNICAS DE CULTIVO ACUÍCOLA,"PESCA, ACUACULTURA Y MARICULTURA",PESCA Y ACUICULTURA
OPERACIONES DE TRANSPORTE MÓVILES EN MINA SUBTERRÁNEA,"MINAS, CANTERAS Y YACIMIENTOS",ACTIVIDADES DE SERVICIOS DE APOYO PARA LA EXPLOTACIÓN DE MINAS Y CANTERAS
OPERACIONES ESPECIALIZADAS EN MANTENIMIENTO AERONÁUTICO,"VEHÍCULOS, AUTOMOTORES, CARROCERÍAS Y SUS PARTES",REPARACIÓN E INSTALACIÓN DE MAQUINARIA Y EQUIPO
OPERACIONES ESPECIALIZADAS EN MANTENIMIENTO MECÁNICO NAVAL,"VEHÍCULOS, AUTOMOTORES, CARROCERÍAS Y SUS PARTES",REPARACIÓN E INSTALACIÓN DE MAQUINARIA Y EQUIPO
TOPOGRAFÍA,"MINAS, CANTERAS Y YACIMIENTOS",ACTIVIDADES ESPECIALIZADAS DE LA CONSTRUCCIÓN
OPERACIONES DE INFORMÁTICA,TECNOLOGÍA: HARDWARE Y SOFTWARE (INCLUYE TIC),"PROGRAMACIÓN INFORMÁTICA, CONSULTORÍA DE INFORMÁTICA Y ACTIVIDADES CONEXAS"
VENTAS,COMERCIALIZACIÓN Y VENTA DE PRODUCTOS,"COMERCIO AL POR MENOR, EXCEPTO EL DE VEHÍCULOS AUTOMOTORES Y MOTOCICLETAS"
OPERACIONES AUXILIARES DE MANTENIMIENTO DE CARROCERÍA DE VEHÍCULOS,"VEHÍCULOS, AUTOMOTORES, CARROCERÍAS Y SUS PARTES",COMERCIO Y REPARACIÓN DE VEHÍCULOS AUTOMOTORES Y MOTOCICLETAS
"CALDERERÍA, CARPINTERÍA Y MONTAJE DE CONSTRUCCIONES METÁLICAS",METALMECÁNICA,"FABRICACIÓN DE PRODUCTOS ELABORADOS DE METAL, EXCEPTO MAQUINARIA Y EQUIPO"
GESTIÓN EN REFRIGERACIÓN Y AIRE ACONDICIONADO,ACTIVIDADES TIPO SERVICIOS,ACTIVIDADES ESPECIALIZADAS DE LA CONSTRUCCIÓN
GESTIÓN ESPECIALIZADA EN VENTAS,COMERCIALIZACIÓN Y VENTA DE PRODUCTOS,"COMERCIO AL POR MAYOR, EXCEPTO EL DE VEHÍCULOS AUTOMOTORES Y MOTOCICLETAS"
PREVENCIÓN DE RIESGOS LABORALES,ACTIVIDADES TIPO SERVICIOS,ACTIVIDADES DE OFICINAS PRINCIPALES; ACTIVIDADES DE CONSULTORÍA DE GESTIÓN
PREVENCIÓN EN RIESGOS LABORALES,ACTIVIDADES TIPO SERVICIOS,ACTIVIDADES DE OFICINAS PRINCIPALES; ACTIVIDADES DE CONSULTORÍA DE GESTIÓN
OPERACIONES DE COSECHA DE POLEN,AGRICULTURA Y PLANTACIONES,"AGRICULTURA, GANADERÍA, CAZA Y ACTIVIDADES DE SERVICIOS CONEXAS"
GESTIÓN DE AGENCIA DE VIAJES,TURISMO Y ALIMENTACIÓN,"ACTIVIDADES DE AGENCIAS DE VIAJES, OPERADORES TURÍSTICOS, SERVICIOS DE RESERVAS Y ACTIVIDADES CONEXAS"
GUÍA NACIONAL ESPECIALIZADO EN BALLENAS,TURISMO Y ALIMENTACIÓN,"ACTIVIDADESDEAGENCIASDEVIAJES,OPERADORESTURÍSTICOS,SERVICIOS DE RESERVAS Y ACTIVIDADES CONEXAS"
DESARROLLO DE HARDWARE DE TELEFONÍA MÓVIL,TECNOLOGÍA: HARDWARE Y SOFTWARE (INCLUYE TIC),TELECOMUNICACIONES
SEGURIDAD ALIMENTARIA PARA SUPERVISORES Y GERENTES - NTE INEN 2 459: 2008,TURISMO Y ALIMENTACIÓN,SERVICIO DE ALIMENTO Y BEBIDA
POSILLERO - NTE INEN 2 435: 2008,TURISMO Y ALIMENTACIÓN,SERVICIO DE ALIMENTO Y BEBIDA
CHEF DE COCINA - NTE INEN 2 442: 2008,TURISMO Y ALIMENTACIÓN,ELABORACIÓN DE PRODUCTOS ALIMENTICIOS
AYUDANTE DE MESERO - NTE INEN 2 454: 2008,TURISMO Y ALIMENTACIÓN,SERVICIO DE ALIMENTO Y BEBIDA
INSPECCIÓN DE SOLDADURA,METALMECÁNICA,"FABRICACIÓN DE PRODUCTOS ELABORADOS DE METAL, EXCEPTO MAQUINARIA Y EQUIPO"
OPERACIONES ESPECIALIZADAS EN CONFECCIONES TEXTILES,"PRODUCTOS TEXTILES, CUERO Y CALZADO",FABRICACIÓN DE PRODUCTOS TEXTILES
INDUSTRIA DE LA CONFECCIÓN,"PRODUCTOS TEXTILES, CUERO Y CALZADO",FABRICACIÓN DE PRENDAS DE VESTIR
ADMINISTRADOR DE RESTAURANTE - NTE INEN 2 436: 2008,TURISMO Y ALIMENTACIÓN,ELABORACIÓN DE PRODUCTOS ALIMENTICIOS
ACTIVIDADES DE PARRILLA (PARRILLERO),TURISMO Y ALIMENTACIÓN,SERVICIO DE ALIMENTO Y BEBIDA
CARNICERÍA Y CHARCUTERÍA,TURISMO Y ALIMENTACIÓN,SERVICIO DE ALIMENTO Y BEBIDA
ASISTENCIA EN ARCHIVO,SERVICIOS FINANCIEROS,ACTIVIDADES AUXILIARES DE LAS ACTIVIDADES DE SERVICIOS FINANCIEROS
SERVICIO AL CLIENTE EN ALIMENTOS Y BEBIDAS (MESERO),TURISMO Y ALIMENTACIÓN,SERVICIO DE ALIMENTO Y BEBIDA
SERVICIO DE CATERING,TURISMO Y ALIMENTACIÓN,SERVICIO DE ALIMENTO Y BEBIDA
PREPARACIONES PASTELERAS Y PANADERAS (CHEF PASTELERO - PANADERO),TURISMO Y ALIMENTACIÓN,SERVICIO DE ALIMENTO Y BEBIDA
CAPITANÍA DE BOTONES,TURISMO Y ALIMENTACIÓN,ACTIVIDADES DE ALOJAMIENTO
GESTIÓN DE SERVICIOS EN SALÓN (MAITRE),TURISMO Y ALIMENTACIÓN,SERVICIO DE ALIMENTO Y BEBIDA
SERVICIOS TURÍSTICOS Y CONSERVACIÓN DE ÁREAS FORESTALES,TURISMO Y ALIMENTACIÓN,ACTIVIDADES DE ALOJAMIENTO
ADMINISTRACIÓN DE INFRAESTRUCTURA DE TECNOLOGIA DE LA INFORMACIÓN Y COMUNICACIÓN,TECNOLOGÍA: HARDWARE Y SOFTWARE (INCLUYE TIC),"PROGRAMACIÓN INFORMÁTICA, CONSULTORÍA DE INFORMÁTICA Y ACTIVIDADES CONEXAS"
INSTALACIÓN Y MANTENIMIENTO ELÉCTRICO EN MINAS SUBTERRÁNEAS,"MINAS, CANTERAS Y YACIMIENTOS",ACTIVIDADES DE SERVICIOS DE APOYO PARA LA EXPLOTACIÓN DE MINAS Y CANTERAS
OPERACIONES EN ADQUISICIONES - COMPRAS,COMERCIALIZACIÓN Y VENTA DE PRODUCTOS,"COMERCIO AL POR MAYOR, EXCEPTO EL DE VEHÍCULOS AUTOMOTORES Y MOTOCICLETAS"
"REPARACIÓN, MONTAJE Y MODIFICACIONES DE CARROCERÍAS","VEHÍCULOS, AUTOMOTORES, CARROCERÍAS Y SUS PARTES",COMERCIO Y REPARACIÓN DE VEHÍCULOS AUTOMOTORES Y MOTOCICLETAS
OPERACIONES AUXILIARES DE GEOFÍSICA PARA LABORES DE MINERÍA,"MINAS, CANTERAS Y YACIMIENTOS",ACTIVIDADES DE SERVICIOS DE APOYO PARA LA EXPLOTACIÓN DE MINAS Y CANTERAS
OPERACIONES DE ENVASADO DE LÍQUIDOS Y SEMILÍQUIDOS,PRODUCCIÓN INDUSTRIAL DE BEBIDAS Y TABACOS,ELABORACIÓN DE BEBIDAS
SUPERVISIÓN DE ALERTAS DE EMERGENCIA,ACTIVIDADES TIPO SERVICIOS,ADMINISTRACIÓN PÚBLICA Y DEFENSA; PLANES DE SEGURIDAD SOCIAL DE AFILIACIÓN OBLIGATORIA
EVALUACIÓN DE OPERACIONES DE EMERGENCIA,ACTIVIDADES TIPO SERVICIOS,ADMINISTRACIÓN PÚBLICA Y DEFENSA; PLANES DE SEGURIDAD SOCIAL DE AFILIACIÓN OBLIGATORIA
OPERACIONES AUXILIARES DE LOGUEO,"MINAS, CANTERAS Y YACIMIENTOS",EXPLOTACIÓN DE OTRAS MINAS Y CANTERAS
GESTIÓN EN CUERO,"PRODUCTOS TEXTILES, CUERO Y CALZADO",FABRICACIÓN DE CUEROS Y PRODUCTOS CONEXOS
ASISTENCIA EN COMERCIO EXTERIOR,COMERCIALIZACIÓN Y VENTA DE PRODUCTOS,"COMERCIO AL POR MAYOR, EXCEPTO EL DE VEHÍCULOS AUTOMOTORES Y MOTOCICLETAS"
ALBAÑILERÍA,CONSTRUCCIÓN,CONSTRUCCIÓN DE EDIFICIOS
OPERACIONES DE BRIGADA SOCIAL PARA PERSONAS CON DISCAPACIDAD,ACTIVIDADES TIPO SERVICIOS,ACTIVIDADES DE ASISTENCIA SOCIAL SIN ALOJAMIENTO
GESTIÓN SOCIAL EN ATENCIÓN A LA DISCAPACIDAD,ACTIVIDADES TIPO SERVICIOS,ACTIVIDADES DE ASISTENCIA SOCIAL SIN ALOJAMIENTO
GUÍA TURÍSTICA EN PATRIMONIO CULTURAL,TURISMO Y ALIMENTACIÓN,"ACTIVIDADES DE AGENCIAS DE VIAJES, OPERADORES TURÍSTICOS, SERVICIOS DE RESERVAS Y ACTIVIDADES CONEXAS"
ACTIVIDADES ELÉCTRICAS EN INSTALACIÓN DE EQUIPOS DE MEDICIÓN DIRECTA,"ELECTRICIDAD, GAS Y AGUA","SUMINISTRO DE ELECTRICIDAD, GAS, VAPOR Y AIRE ACONDICIONADO"
ELABORACIÓN DE FÉRETROS,ACTIVIDADES TIPO SERVICIOS,OTRAS ACTIVIDADES DE SERVICIOS PERSONALES
ASISTENCIA EN SERVICIOS EXEQUIALES,ACTIVIDADES TIPO SERVICIOS,OTRAS ACTIVIDADES DE SERVICIOS PERSONALES
ELABORACIÓN DE JABONES DE GLICERINA,"PRODUCTOS INDUSTRIALES, FARMACÉUTICOS Y QUÍMICOS",FABRICACIÓN DE SUBSTANCIAS Y PRODUCTOS QUÍMICOS
OPERACIONES EN CAMPOSANTO,ACTIVIDADES TIPO SERVICIOS,OTRAS ACTIVIDADES DE SERVICIOS PERSONALES
TÉCNICAS DE PRODUCCIÓN AGROPECUARIA,AGRICULTURA Y PLANTACIONES,"AGRICULTURA, GANADERÍA, CAZA Y ACTIVIDADES DE SERVICIOS CONEXAS"
SUPERVISIÓN DE CULTIVOS,AGRICULTURA Y PLANTACIONES,"AGRICULTURA, GANADERÍA, CAZA Y ACTIVIDADES DE SERVICIOS CONEXAS"
APLICACIÓN DE AGROQUÍMICOS EN CULTIVOS,AGRICULTURA Y PLANTACIONES,"AGRICULTURA, GANADERÍA, CAZA Y ACTIVIDADES DE SERVICIOS CONEXAS"
OPERACIONES DE RIEGO TECNIFICADO EN CULTIVOS,AGRICULTURA Y PLANTACIONES,"AGRICULTURA, GANADERÍA, CAZA Y ACTIVIDADES DE SERVICIOS CONEXAS"
FLORICULTURA,AGRICULTURA Y PLANTACIONES,"AGRICULTURA, GANADERÍA, CAZA Y ACTIVIDADES DE SERVICIOS CONEXAS"
GESTIÓN EN AGRICULTURA,AGRICULTURA Y PLANTACIONES,"AGRICULTURA, GANADERÍA, CAZA Y ACTIVIDADES DE SERVICIOS CONEXAS"
GESTIÓN EN FLORICULTURA,AGRICULTURA Y PLANTACIONES,"AGRICULTURA, GANADERÍA, CAZA Y ACTIVIDADES DE SERVICIOS CONEXAS"
OPERACIONES DE MANEJO DE FRUTALES,AGRICULTURA Y PLANTACIONES,"AGRICULTURA, GANADERÍA, CAZA Y ACTIVIDADES DE SERVICIOS CONEXAS"
OPERACIONES ESPECIALIZADAS DEL MONITOREO DE PLAGAS,AGRICULTURA Y PLANTACIONES,"AGRICULTURA, GANADERÍA, CAZA Y ACTIVIDADES DE SERVICIOS CONEXAS"
CONTROL FITOSANITARIO DE CULTIVO DE BANANO,AGRICULTURA Y PLANTACIONES,"AGRICULTURA, GANADERÍA, CAZA Y ACTIVIDADES DE SERVICIOS CONEXAS"
OPERACIONES DE SANIDAD VEGETAL EN CULTIVO DE PALMA,AGRICULTURA Y PLANTACIONES,"AGRICULTURA, GANADERÍA, CAZA Y ACTIVIDADES DE SERVICIOS CONEXAS"
HORTICULTURA,AGRICULTURA Y PLANTACIONES,"AGRICULTURA, GANADERÍA, CAZA Y ACTIVIDADES DE SERVICIOS CONEXAS"
MANTENIMIENTO DE ESPECIES EN PRODUCCIÓN AGRÍCOLA,AGRICULTURA Y PLANTACIONES,"AGRICULTURA, GANADERÍA, CAZA Y ACTIVIDADES DE SERVICIOS CONEXAS"
AGRICULTURA DE PLANTACIÓN DE CACAO,AGRICULTURA Y PLANTACIONES,"AGRICULTURA, GANADERÍA, CAZA Y ACTIVIDADES DE SERVICIOS CONEXAS"
DESHIJADO EN CULTIVO DE BANANO,AGRICULTURA Y PLANTACIONES,"AGRICULTURA, GANADERÍA, CAZA Y ACTIVIDADES DE SERVICIOS CONEXAS"
DESHOJE EN CULTIVO DE BANANO,AGRICULTURA Y PLANTACIONES,"AGRICULTURA, GANADERÍA, CAZA Y ACTIVIDADES DE SERVICIOS CONEXAS"
ELIMINACIÓN DE RESIDUOS FLORES EN LOS RACIMOS DE BANANO,AGRICULTURA Y PLANTACIONES,"AGRICULTURA, GANADERÍA, CAZA Y ACTIVIDADES DE SERVICIOS CONEXAS"
ENFUNDE DE RACIMO DE BANANO EN CULTIVO,AGRICULTURA Y PLANTACIONES,"AGRICULTURA, GANADERÍA, CAZA Y ACTIVIDADES DE SERVICIOS CONEXAS"
OPERACIONES DE CORTE DE RACIMO DE BANANO EN CULTIVO,AGRICULTURA Y PLANTACIONES,"AGRICULTURA, GANADERÍA, CAZA Y ACTIVIDADES DE SERVICIOS CONEXAS"
OPERACIONES DE SUJECIÓN DE PLANTAS  DE BANANO EN CULTIVO,AGRICULTURA Y PLANTACIONES,"AGRICULTURA, GANADERÍA, CAZA Y ACTIVIDADES DE SERVICIOS CONEXAS"
OPERACIONES DE TRASLADO DE RACIMO DE BANANO EN CULTIVO,AGRICULTURA Y PLANTACIONES,"AGRICULTURA, GANADERÍA, CAZA Y ACTIVIDADES DE SERVICIOS CONEXAS"
ACTIVIDADES DE SELECCIÓN DE BANANO EN POST COSECHA,AGRICULTURA Y PLANTACIONES,"AGRICULTURA, GANADERÍA, CAZA Y ACTIVIDADES DE SERVICIOS CONEXAS"
ACTIVIDADES OPERATIVAS DE BANANO EN POST COSECHA,AGRICULTURA Y PLANTACIONES,"AGRICULTURA, GANADERÍA, CAZA Y ACTIVIDADES DE SERVICIOS CONEXAS"
EMPACADO DE BANANO,AGRICULTURA Y PLANTACIONES,"AGRICULTURA, GANADERÍA, CAZA Y ACTIVIDADES DE SERVICIOS CONEXAS"
CULTIVO DE PALMA,AGRICULTURA Y PLANTACIONES,"AGRICULTURA, GANADERÍA, CAZA Y ACTIVIDADES DE SERVICIOS CONEXAS"
FERTILIZACIÓN EN CULTIVOS DE PALMA,AGRICULTURA Y PLANTACIONES,"AGRICULTURA, GANADERÍA, CAZA Y ACTIVIDADES DE SERVICIOS CONEXAS"
MANTENIMIENTO DE CULTIVO DE PALMA,AGRICULTURA Y PLANTACIONES,"AGRICULTURA, GANADERÍA, CAZA Y ACTIVIDADES DE SERVICIOS CONEXAS"
POLINIZACIÓN,AGRICULTURA Y PLANTACIONES,"AGRICULTURA, GANADERÍA, CAZA Y ACTIVIDADES DE SERVICIOS CONEXAS"
OPERACIONES DE GRANJA INTEGRAL ORGÁNICA,AGRICULTURA Y PLANTACIONES,"AGRICULTURA, GANADERÍA, CAZA Y ACTIVIDADES DE SERVICIOS CONEXAS"
CULTIVO Y APROVECHAMIENTO DE ESPECIES ÚTILES DE LA FLORA DE LA AMAZONIA ECUATORIANA,AGRICULTURA Y PLANTACIONES,"AGRICULTURA, GANADERÍA, CAZA Y ACTIVIDADES DE SERVICIOS CONEXAS"
TÉCNICAS DE MANEJO DE CULTIVOS ORGÁNICOS,AGRICULTURA Y PLANTACIONES,"AGRICULTURA, GANADERÍA, CAZA Y ACTIVIDADES DE SERVICIOS CONEXAS"
MANEJO INTEGRAL DE HUERTOS AGRO-ECOLÓGICOS,AGRICULTURA Y PLANTACIONES,"AGRICULTURA, GANADERÍA, CAZA Y ACTIVIDADES DE SERVICIOS CONEXAS"
OPERACIONES ESPECIALIZADAS EN CONSTRUCCIÓN DE INVERNADEROS,AGRICULTURA Y PLANTACIONES,"AGRICULTURA, GANADERÍA, CAZA Y ACTIVIDADES DE SERVICIOS CONEXAS"
EMPACADO DE BANANO,AGRICULTURA Y PLANTACIONES,"AGRICULTURA, GANADERÍA, CAZA Y ACTIVIDADES DE SERVICIOS CONEXAS"
CULTIVO DE PALMA,AGRICULTURA Y PLANTACIONES,"AGRICULTURA, GANADERÍA, CAZA Y ACTIVIDADES DE SERVICIOS CONEXAS"
FERTILIZACIÓN EN CULTIVOS DE PALMA,AGRICULTURA Y PLANTACIONES,"AGRICULTURA, GANADERÍA, CAZA Y ACTIVIDADES DE SERVICIOS CONEXAS"
MANTENIMIENTO DE CULTIVO DE PALMA,AGRICULTURA Y PLANTACIONES,"AGRICULTURA, GANADERÍA, CAZA Y ACTIVIDADES DE SERVICIOS CONEXAS"
POLINIZACIÓN,AGRICULTURA Y PLANTACIONES,"AGRICULTURA, GANADERÍA, CAZA Y ACTIVIDADES DE SERVICIOS CONEXAS"
OPERACIONES DE GRANJA INTEGRAL ORGÁNICA,AGRICULTURA Y PLANTACIONES,"AGRICULTURA, GANADERÍA, CAZA Y ACTIVIDADES DE SERVICIOS CONEXAS"
CULTIVO Y APROVECHAMIENTO DE ESPECIES ÚTILES DE LA FLORA DE LA AMAZONIA ECUATORIANA,AGRICULTURA Y PLANTACIONES,"AGRICULTURA, GANADERÍA, CAZA Y ACTIVIDADES DE SERVICIOS CONEXAS"
TÉCNICAS DE MANEJO DE CULTIVOS ORGÁNICOS,AGRICULTURA Y PLANTACIONES,"AGRICULTURA, GANADERÍA, CAZA Y ACTIVIDADES DE SERVICIOS CONEXAS"
MANEJO INTEGRAL DE HUERTOS AGRO-ECOLÓGICOS,AGRICULTURA Y PLANTACIONES,"AGRICULTURA, GANADERÍA, CAZA Y ACTIVIDADES DE SERVICIOS CONEXAS"
OPERACIONES ESPECIALIZADAS EN CONSTRUCCIÓN DE INVERNADEROS,AGRICULTURA Y PLANTACIONES,"AGRICULTURA, GANADERÍA, CAZA Y ACTIVIDADES DE SERVICIOS CONEXAS"
"PRODUCCIÓN, MANTENIMIENTO Y CONTROL DE VIVEROS",AGRICULTURA Y PLANTACIONES,"AGRICULTURA, GANADERÍA, CAZA Y ACTIVIDADES DE SERVICIOS CONEXAS"
PRODUCCIÓN DE SEMILLAS Y PROPAGACIÓN,AGRICULTURA Y PLANTACIONES,"AGRICULTURA, GANADERÍA, CAZA Y ACTIVIDADES DE SERVICIOS CONEXAS"
DISEÑO Y PLANIFICACIÓN DE OBRAS CIVILES,CONSTRUCCIÓN,OBRAS DE INGENIERÍA CIVIL
PAVIMENTOS Y ALBAÑILERÍA DE URBANIZACIÓN,CONSTRUCCIÓN,ACTIVIDADES ESPECIALIZADAS DE LA CONSTRUCCIÓN
OPERACIONES ESPECIALIZADAS EN IMPERMEABILIZACIÓN MEDIANTE MEMBRANAS FORMADAS CON LAMINAS,CONSTRUCCIÓN,ACTIVIDADES ESPECIALIZADAS DE LA CONSTRUCCIÓN
PAVIMENTACIÓN DE URBANIZACIÓN,CONSTRUCCIÓN,ACTIVIDADES ESPECIALIZADAS DE LA CONSTRUCCIÓN
TÉCNICAS APLICADAS A CONSTRUCCIÓN CIVIL,CONSTRUCCIÓN,OBRAS DE INGENIERÍA CIVIL
GESTIÓN EN CONSTRUCCIÓN,CONSTRUCCIÓN,CONSTRUCCIÓN DE EDIFICIOS
APLICACIONES Y PROYECTOS DE CONSTRUCCIÓN,CONSTRUCCIÓN,CONSTRUCCIÓN DE EDIFICIOS
OPERACIONES PARA LA ELABORACIÓN DE PREFABRICADOS DE HORMIGÓN,CONSTRUCCIÓN,FABRICACIÓN DE OTROS PRODUCTOS MINERALES NO METÁLICOS
MAMPOSTERÍA DE LA CONSTRUCCIÓN,CONSTRUCCIÓN,ACTIVIDADES ESPECIALIZADAS DE LA CONSTRUCCIÓN
FABRICACIÓN DE ESTRUCTURAS DE ALUMINIO,CONSTRUCCIÓN,ACTIVIDADES ESPECIALIZADAS DE LA CONSTRUCCIÓN
INSTALACIÓN DE PANELES ESTRUCTURALES,CONSTRUCCIÓN,CONSTRUCCIÓN DE EDIFICIOS
YESERÍA,CONSTRUCCIÓN,ACTIVIDADES ESPECIALIZADAS DE LA CONSTRUCCIÓN
INSTALACIÓN DE TABIQUES Y FALSOS TECHOS DE YESO,CONSTRUCCIÓN,CONSTRUCCIÓN DE EDIFICIOS
ARMADO DE INSTALACIONES DE TUBERÍAS INDUSTRIALES,CONSTRUCCIÓN,ACTIVIDADES ESPECIALIZADAS DE LA CONSTRUCCIÓN
ASISTENCIA EN PRODUCCIÓN DE EVENTOS CULTURALES,ACTIVIDADES COMUNITARIAS,"ACTIVIDADES DEPORTIVAS, DE ESPARCIMIENTO Y RECREATIVAS"
ORGANIZADOR DE EVENTOS - NTE INEN 2 452: 2008,ACTIVIDADES COMUNITARIAS,"ACTIVIDADES CREATIVAS, ARTÍSTICAS Y DE ENTRETENIMIENTO"
EDUCACIÓN EN LA MODALIDAD DE ATENCIÓN CRECIENDO CON NUESTROS HIJOS (CNH),ACTIVIDADES DE ENSEÑANZA,ENSEÑANZA
OPERACIONES EN TURISMO EMISIVO,TURISMO Y ALIMENTACIÓN,"ACTIVIDADES DE AGENCIAS DE VIAJES, OPERADORES TURÍSTICOS, SERVICIOS DE RESERVAS Y ACTIVIDADES CONEXAS"
PLOMERÍA Y GASFITERÍA,"ELECTRICIDAD, GAS Y AGUA",ACTIVIDADES ESPECIALIZADAS DE LA CONSTRUCCIÓN
INSTALACIONES SANITARIAS,CONSTRUCCIÓN,ACTIVIDADES ESPECIALIZADAS DE LA CONSTRUCCIÓN
PLOMERÍA,CONSTRUCCIÓN,CONSTRUCCIÓN DE EDIFICIOS
OPERACIONES DE APOYO A LA CONSTRUCCIÓN,CONSTRUCCIÓN,ACTIVIDADES ESPECIALIZADAS DE LA CONSTRUCCIÓN
ASISTENCIA DE OBRAS CIVILES,CONSTRUCCIÓN,CONSTRUCCIÓN DE EDIFICIOS
OPERACIÓN DE MAQUINARIA PESADA EN CONSTRUCCIÓN,CONSTRUCCIÓN,CONSTRUCCIÓN DE EDIFICIOS
OPERACIONES DE MAQUINARIA PESADA,CONSTRUCCIÓN,ACTIVIDADES ESPECIALIZADAS DE LA CONSTRUCCIÓN
OPERACIONES EN MONTAJE DE CUBIERTAS,CONSTRUCCIÓN,ACTIVIDADES ESPECIALIZADAS DE LA CONSTRUCCIÓN
COLOCACIÓN DE PISOS,CONSTRUCCIÓN,ACTIVIDADES ESPECIALIZADAS DE LA CONSTRUCCIÓN
PINTURA DE EXTERIORES FACHADAS Y EDIFICACIÓN,CONSTRUCCIÓN,ACTIVIDADES ESPECIALIZADAS DE LA CONSTRUCCIÓN
PINTURA Y TAPIZADO,CONSTRUCCIÓN,ACTIVIDADES ESPECIALIZADAS DE LA CONSTRUCCIÓN
INSTALACIONES DE CERÁMICA,CONSTRUCCIÓN,ACTIVIDADES ESPECIALIZADAS DE LA CONSTRUCCIÓN
SUPERVISIÓN EN EJECUCIÓN DE OBRAS CIVILES,CONSTRUCCIÓN,OBRAS DE INGENIERÍA CIVIL
COORDINACIÓN DE OBRAS CIVILES,CONSTRUCCIÓN,OBRAS DE INGENIERÍA CIVIL
SUPERVISIÓN DE MONTAJE DE PANELES ESTRUCTURALES,CONSTRUCCIÓN,CONSTRUCCIÓN DE EDIFICIOS
AUDITORÍA NOCTURNA,TURISMO Y ALIMENTACIÓN,ACTIVIDADES JURÍDICAS Y DE CONTABILIDAD
COORDINACIÓN DE EVENTOS,ACTIVIDADES COMUNITARIAS,"ACTIVIDADES CREATIVAS, ARTÍSTICAS Y DE ENTRETENIMIENTO"
ASISTENCIA DE COMPRAS Y BODEGA (COMPRADOR/ALMACENISTA),ACTIVIDADES TIPO SERVICIOS,ACTIVIDADES DE ALOJAMIENTO
ACTIVIDADES DE AGENTE DE COUNTER,COMERCIALIZACIÓN Y VENTA DE PRODUCTOS,"ACTIVIDADES DE AGENCIAS DE VIAJES, OPERADORES TURÍSTICOS, SERVICIOS DE RESERVAS Y ACTIVIDADES CONEXAS"
COORDINADOR DE EVENTOS - NTE INEN 2 448: 2008,ACTIVIDADES COMUNITARIAS,"ACTIVIDADES CREATIVAS, ARTÍSTICAS Y DE ENTRETENIMIENTO"
GESTIÓN DEL TURISMO RURAL,TURISMO Y ALIMENTACIÓN,"ACTIVIDADES DE AGENCIAS DE VIAJES, OPERADORES TURÍSTICOS, SERVICIOS DE RESERVAS Y ACTIVIDADES CONEXAS"
OPERACIONES EN TURISMO RECEPTIVO,TURISMO Y ALIMENTACIÓN,"ACTIVIDADES DE AGENCIAS DE VIAJES, OPERADORES TURÍSTICOS, SERVICIOS DE RESERVAS Y ACTIVIDADES CONEXAS"
GESTIÓN DE LIMPIEZA (SUPERVISOR),TURISMO Y ALIMENTACIÓN,ACTIVIDADES DE ALOJAMIENTO
SERVICIOS HOTELEROS,TURISMO Y ALIMENTACIÓN,ACTIVIDADES DE ALOJAMIENTO
RECEPCIÓN Y ATENCIÓN DE INVITADOS DE TURISMO COMUNITARIO,TURISMO Y ALIMENTACIÓN,"ACTIVIDADES DE AGENCIAS DE VIAJES, OPERADORES TURÍSTICOS, SERVICIOS DE RESERVAS Y ACTIVIDADES CONEXAS"
MESERO POLIVALENTE - NTE INEN 2 453: 2008,TURISMO Y ALIMENTACIÓN,SERVICIO DE ALIMENTO Y BEBIDA
SOPORTE A MESEROS (AYUDANTE DE MESERO),TURISMO Y ALIMENTACIÓN,SERVICIO DE ALIMENTO Y BEBIDA
GUÍA NACIONAL ESPECIALIZADO EN AVITURISMO,TURISMO Y ALIMENTACIÓN,"ACTIVIDADESDEAGENCIASDEVIAJES,OPERADORESTURÍSTICOS,SERVICIOS DE RESERVAS Y ACTIVIDADES CONEXAS"
GUÍA NACIONAL ESPECIALIZADO EN CABALGATA,TURISMO Y ALIMENTACIÓN,"ACTIVIDADESDEAGENCIASDEVIAJES,OPERADORESTURÍSTICOS,SERVICIOS DE RESERVAS Y ACTIVIDADES CONEXAS"
GUÍA NACIONAL ESPECIALIZADO EN ORQUÍDEAS,TURISMO Y ALIMENTACIÓN,"ACTIVIDADESDEAGENCIASDEVIAJES,OPERADORESTURÍSTICOS,SERVICIOS DE RESERVAS Y ACTIVIDADES CONEXAS"
ATENCIÓN Y TRASLADO DE HUÉSPED,TURISMO Y ALIMENTACIÓN,ACTIVIDADES DE ALOJAMIENTO
GUÍA DE TURISMO,TURISMO Y ALIMENTACIÓN,"ACTIVIDADES DE AGENCIAS DE VIAJES, OPERADORES TURÍSTICOS, SERVICIOS DE RESERVAS Y ACTIVIDADES CONEXAS"
GUIA ESPECIALIZADO EN ÁREAS NATURALES - NTE INEN 2 444: 2008,TURISMO Y ALIMENTACIÓN,"ACTIVIDADES DE AGENCIAS DE VIAJES, OPERADORES TURÍSTICOS, SERVICIOS DE RESERVAS Y ACTIVIDADES CONEXAS"
HOSPITALIDAD - NTE INEN 2 451: 2008,TURISMO Y ALIMENTACIÓN,ACTIVIDADES DE ALOJAMIENTO
PASTELERÍA Y CONFITERÍA,TRANSFORMACIÓN DE ALIMENTOS (INCLUYE AGROINDUSTRIA),ELABORACIÓN DE PRODUCTOS ALIMENTICIOS
OPERACIONES ESPECIALIZADAS EN ACABADO Y DECORACIÓN DE PRODUCTOS DE PASTELERÍA Y CONFITERÍA,TRANSFORMACIÓN DE ALIMENTOS (INCLUYE AGROINDUSTRIA),ELABORACIÓN DE PRODUCTOS ALIMENTICIOS
PASTELERÍA,TRANSFORMACIÓN DE ALIMENTOS (INCLUYE AGROINDUSTRIA),ELABORACIÓN DE PRODUCTOS ALIMENTICIOS
PANADERÍA Y BOLLERÍA,TRANSFORMACIÓN DE ALIMENTOS (INCLUYE AGROINDUSTRIA),ELABORACIÓN DE PRODUCTOS ALIMENTICIOS
GUÍA EN AVITURISMO,TURISMO Y ALIMENTACIÓN,"ACTIVIDADES DE AGENCIAS DE VIAJES, OPERADORES TURÍSTICOS, SERVICIOS DE RESERVAS Y ACTIVIDADES CONEXAS"
GUÍA EN TURISMO DE AVENTURA,TURISMO Y ALIMENTACIÓN,"ACTIVIDADES DE AGENCIAS DE VIAJES, OPERADORES TURÍSTICOS, SERVICIOS DE RESERVAS Y ACTIVIDADES CONEXAS"
GUÍA NACIONAL NTE INEN 2 443: 2008,TURISMO Y ALIMENTACIÓN,"ACTIVIDADES DE AGENCIAS DE VIAJES, OPERADORES TURÍSTICOS, SERVICIOS DE RESERVAS Y ACTIVIDADES CONEXAS"
GUÍA LOCAL DE TURISMO,TURISMO Y ALIMENTACIÓN,"ACTIVIDADESDEAGENCIASDEVIAJES,OPERADORESTURÍSTICOS,SERVICIOS DE RESERVAS Y ACTIVIDADES CONEXAS"
GUÍA NACIONAL ESPECIALIZADO EN SENDERISMO,TURISMO Y ALIMENTACIÓN,"ACTIVIDADESDEAGENCIASDEVIAJES,OPERADORESTURÍSTICOS,SERVICIOS DE RESERVAS Y ACTIVIDADES CONEXAS"
GUÍA NACIONAL ESPECIALIZADO EN CICLOTURISMO,TURISMO Y ALIMENTACIÓN,"ACTIVIDADESDEAGENCIASDEVIAJES,OPERADORESTURÍSTICOS,SERVICIOS DE RESERVAS Y ACTIVIDADES CONEXAS"
GUIANZA ESPECIALIZADA EN AVENTURA/ BUCEO DE GALÁPAGOS,TURISMO Y ALIMENTACIÓN,"ACTIVIDADESDEAGENCIASDEVIAJES,OPERADORESTURÍSTICOS,SERVICIOS DE RESERVAS Y ACTIVIDADES CONEXAS"
GUIANZA ESPECIALIZADA EN PATRIMONIO TURÍSTICO DE GALÁPAGOS,TURISMO Y ALIMENTACIÓN,"ACTIVIDADESDEAGENCIASDEVIAJES,OPERADORESTURÍSTICOS,SERVICIOS DE RESERVAS Y ACTIVIDADES CONEXAS"
GERENTE DE OPERADORAS - NTE INEN 2 464: 2008,TURISMO Y ALIMENTACIÓN,"ACTIVIDADES DE AGENCIAS DE VIAJES, OPERADORES TURÍSTICOS, SERVICIOS DE RESERVAS Y ACTIVIDADES CONEXAS"
RECEPCIONISTA POLIVALENTE - NTE INEN 2 446: 2008,TURISMO Y ALIMENTACIÓN,ACTIVIDADES ADMINISTRATIVAS Y DE APOYO DE OFICINA Y OTRAS ACTIVIDADES DE APOYO A LAS EMPRESAS
ENCARGADO DE RESERVAS - NTE INEN 2 428: 2008,TURISMO Y ALIMENTACIÓN,"ACTIVIDADES DE AGENCIAS DE VIAJES, OPERADORES TURÍSTICOS, SERVICIOS DE RESERVAS Y ACTIVIDADES CONEXAS"
SERVICIO PERSONALIZADO DE INFORMACIÓN TURÍSTICA - NTE INEN 2 433: 2008,TURISMO Y ALIMENTACIÓN,ACTIVIDADES ADMINISTRATIVAS Y DE APOYO DE OFICINA Y OTRAS ACTIVIDADES DE APOYO A LAS EMPRESAS
AUDITOR NOCTURNO - NTE INEN 2 449: 2008,SERVICIOS FINANCIEROS,ACTIVIDADES JURÍDICAS Y DE CONTABILIDAD
JEFE DE RECEPCION - NTE INEN 2 447: 2008,TURISMO Y ALIMENTACIÓN,ACTIVIDADES ADMINISTRATIVAS Y DE APOYO DE OFICINA Y OTRAS ACTIVIDADES DE APOYO A LAS EMPRESAS
MANTENIMIENTO Y LIMPIEZA DE ÁREAS DE ALOJAMIENTO,TURISMO Y ALIMENTACIÓN,ACTIVIDADES DE ALOJAMIENTO
SUPERVISIÓN DE PRODUCCIONES GASTRONÓMICAS,TRANSFORMACIÓN DE ALIMENTOS (INCLUYE AGROINDUSTRIA),ELABORACIÓN DE PRODUCTOS ALIMENTICIOS
PREPARACIÓN Y CREACIÓN DE BEBIDAS A BASE DE CAFÉ,TRANSFORMACIÓN DE ALIMENTOS (INCLUYE AGROINDUSTRIA),ELABORACIÓN DE PRODUCTOS ALIMENTICIOS
PREPARACIONES CULINARIAS DE PARTIDA,TURISMO Y ALIMENTACIÓN,ELABORACIÓN DE PRODUCTOS ALIMENTICIOS
ASISTENCIA A LA GESTIÓN DE TALENTO HUMANO Y RECURSOS DE HABITACIONES Y ÁREAS DE CIRCULACIÓN,TURISMO Y ALIMENTACIÓN,ACTIVIDADES DE ALOJAMIENTO
ANÁLISIS MICROBIOLÓGICO EN PRODUCCIÓN DE BEBIDAS,PRODUCCIÓN INDUSTRIAL DE BEBIDAS Y TABACOS,ELABORACIÓN DE BEBIDAS
"AUDITORÍA DE MATERIA PRIMA, PRODUCTO EN PROCESO Y PRODUCTO TERMINADO PARA ELABORACIÓN DE BEBIDAS",PRODUCCIÓN INDUSTRIAL DE BEBIDAS Y TABACOS,ELABORACIÓN DE BEBIDAS
AUDITORÍA EXTERNA DE LA CALIDAD DE BEBIDAS EN EL MERCADO,PRODUCCIÓN INDUSTRIAL DE BEBIDAS Y TABACOS,ELABORACIÓN DE BEBIDAS
GESTIÓN DE ASEGURAMIENTO Y CONTROL DE CALIDAD DEL MUESTREO EN LA EXPLORACIÓN GEOLÓGICA,"MINAS, CANTERAS Y YACIMIENTOS",EXPLOTACIÓN DE OTRAS MINAS Y CANTERAS
GESTIÓN EN ASEGURAMIENTO Y CONTROL DE CALIDAD DEL MUESTREO EN LA EXPLOTACIÓN MINERA Y PROCESAMIENTO DE MINERALES,"MINAS, CANTERAS Y YACIMIENTOS",EXPLOTACIÓN DE OTRAS MINAS Y CANTERAS
GESTIÓN EN LA DISTRIBUCIÓN DE BEBIDAS,PRODUCCIÓN INDUSTRIAL DE BEBIDAS Y TABACOS,ELABORACIÓN DE BEBIDAS
GESTIÓN EN MANTENIMIENTO DE MÁQUINAS Y EQUIPOS DE PRODUCCIÓN ALIMENTARIA,PRODUCCIÓN INDUSTRIAL DE BEBIDAS Y TABACOS,ELABORACIÓN DE BEBIDAS
OPERACIONES AUXILIARES DE FABRICACIÓN MECÁNICA,METALMECÁNICA,"FABRICACIÓN DE PRODUCTOS ELABORADOS DE METAL, EXCEPTO MAQUINARIA Y EQUIPO"
FABRICACIÓN DE PIEZAS EN FRESA,METALMECÁNICA,"FABRICACIÓN DE PRODUCTOS ELABORADOS DE METAL, EXCEPTO MAQUINARIA Y EQUIPO"
FABRICACIÓN DE PIEZAS EN TORNO,METALMECÁNICA,"FABRICACIÓN DE PRODUCTOS ELABORADOS DE METAL, EXCEPTO MAQUINARIA Y EQUIPO"
FABRICACIÓN POR DECOLETAJE,METALMECÁNICA,"FABRICACIÓN DE PRODUCTOS ELABORADOS DE METAL, EXCEPTO MAQUINARIA Y EQUIPO"
FABRICACIÓN POR MECANIZADO A ALTA VELOCIDAD Y ALTO RENDIMIENTO,METALMECÁNICA,"FABRICACIÓN DE PRODUCTOS ELABORADOS DE METAL, EXCEPTO MAQUINARIA Y EQUIPO"
ADMINISTRACIÓN DE UNIDADES CANINAS,ACTIVIDADES TIPO SERVICIOS,OTRAS ACTIVIDADES DE SERVICIOS PERSONALES
ENTRENAMIENTO CANINO,ACTIVIDADES TIPO SERVICIOS,OTRAS ACTIVIDADES DE SERVICIOS PERSONALES
RECICLAJE DE BASE DE RESIDUOS SÓLIDOS,ACTIVIDADES COMUNITARIAS,"RECOLECCIÓN, TRATAMIENTO Y ELIMINACIÓN DE DESECHOS, RECUPERACIÓN DE MATERIALES"
APOYO EN SEGURIDAD PENITENCIARIA,ACTIVIDADES COMUNITARIAS,ADMINISTRACIÓN PÚBLICA Y DEFENSA; PLANES DE SEGURIDAD SOCIAL DE AFILIACIÓN OBLIGATORIA
ARTICULACIÓN PARA LA ATENCIÓN E INCLUSIÓN DE PERSONAS CON DISCAPACIDAD,ACTIVIDADES TIPO SERVICIOS,ACTIVIDADES DE ASISTENCIA SOCIAL SIN ALOJAMIENTO
INVESTIGACIÓN Y DESARROLLO DE CULTIVO DE PALMA,ACTIVIDADES TIPO SERVICIOS,"AGRICULTURA, GANADERÍA, CAZA Y ACTIVIDADES DE SERVICIOS CONEXAS"
OPERACIONES PARA DESPACHO DE EMERGENCIAS,ACTIVIDADES TIPO SERVICIOS,ADMINISTRACIÓN PÚBLICA Y DEFENSA; PLANES DE SEGURIDAD SOCIAL DE AFILIACIÓN OBLIGATORIA
SUPERVISIÓN DE DESPACHO DE EMERGENCIAS,ACTIVIDADES TIPO SERVICIOS,ADMINISTRACIÓN PÚBLICA Y DEFENSA; PLANES DE SEGURIDAD SOCIAL DE AFILIACIÓN OBLIGATORIA
ADMINISTRACIÓN DE SISTEMAS LINUX,TECNOLOGÍA: HARDWARE Y SOFTWARE (INCLUYE TIC),"PROGRAMACIÓN INFORMÁTICA, CONSULTORÍA DE INFORMÁTICA Y ACTIVIDADES CONEXAS"
ADMINISTRACIÓN Y CONFIGURACIÓN DE TICS CON TECNOLOGÍAS LIBRES,TECNOLOGÍA: HARDWARE Y SOFTWARE (INCLUYE TIC),"PROGRAMACIÓN INFORMÁTICA, CONSULTORÍA DE INFORMÁTICA Y ACTIVIDADES CONEXAS"
DESARROLLO DE SOFTWARE DE TELEFONÍA MÓVIL,TECNOLOGÍA: HARDWARE Y SOFTWARE (INCLUYE TIC),TELECOMUNICACIONES
