"area_familia","modalidad","canton","provincia","num_cap_cer","volumen_capacitados","total_horas","total_ganancias","%_asistencia","carga_horaria","costo","anio","total_cursos","prediction(total_cursos)"
"construcción e infraestructura","presencial","quito","pichincha",34.0,52.0,1360.0,0.0,0.0,40.0,0.0,2021.0,4.0,4.666666666666667
"servicios socioculturales y a la comunidad","online","guayaquil","guayas",244.0,249.0,9760.0,0.0,0.0,40.0,0.0,2021.0,2.0,4.111111111111111
"educación y capacitación","presencial","quito","pichincha",23.0,495.0,1380.0,0.0,0.0,60.0,0.0,2021.0,10.0,12.0
"educación y capacitación","presencial","quito","pichincha",9.0,495.0,270.0,0.0,0.0,30.0,0.0,2021.0,10.0,12.0
"educación y capacitación","presencial","quito","pichincha",6.0,95.0,180.0,0.0,0.0,30.0,0.0,2018.0,10.0,3.5
"educación y capacitación","presencial","quito","pichincha",35.0,42.0,12600.0,0.0,0.0,360.0,0.0,2021.0,2.0,2.0
"educación y capacitación","presencial","quito","pichincha",35.0,42.0,14000.0,0.0,0.0,400.0,0.0,2021.0,2.0,2.0
"comunicación y artes gráficas","online","guayaquil","guayas",573.0,655.0,17190.0,0.0,0.0,30.0,0.0,2021.0,2.0,4.111111111111111
"alimentación gastronomía y turismo","presencial","pastaza","pastaza",20.0,36.0,4000.0,0.0,0.0,200.0,0.0,2018.0,3.0,3.5
"electricidad y electrónica","presencial","cuenca","azuay",2.0,108.0,50.0,0.0,0.0,25.0,0.0,2021.0,5.0,7.0
"electricidad y electrónica","presencial","cuenca","azuay",47.0,108.0,846.0,0.0,0.0,18.0,0.0,2021.0,5.0,5.0
"electricidad y electrónica","online","cuenca","azuay",3.0,108.0,90.0,0.0,0.0,30.0,0.0,2021.0,5.0,5.0
"electricidad y electrónica","presencial","cuenca","azuay",53.0,80.0,1908.0,0.0,0.0,36.0,0.0,2018.0,4.0,4.0
"electricidad y electrónica","presencial","cuenca","azuay",37.0,71.0,1332.0,0.0,0.0,36.0,0.0,2019.0,3.0,3.0
"procesos industriales","presencial","rumiñahui","pichincha",30.0,438.0,360.0,0.0,0.0,12.0,0.0,2021.0,8.0,9.44186046511628
"alimentación gastronomía y turismo","presencial","rumiñahui","pichincha",129.0,438.0,5160.0,0.0,0.0,40.0,0.0,2021.0,8.0,8.0
"procesos industriales","presencial","rumiñahui","pichincha",131.0,227.0,5240.0,0.0,0.0,40.0,0.0,2018.0,3.0,3.0
"procesos industriales","presencial","quito","pichincha",4.0,42.0,200.0,0.0,0.0,50.0,0.0,2021.0,4.0,3.0
"procesos industriales","presencial","quito","pichincha",27.0,42.0,4050.0,0.0,0.0,150.0,0.0,2021.0,4.0,3.5
"mecánica industrial y minería","presencial","quito","pichincha",7.0,42.0,1050.0,0.0,0.0,150.0,0.0,2021.0,4.0,2.0
"procesos industriales","presencial","santo domingo","santo domingo de los tsachilas",1.0,20.0,40.0,0.0,0.0,40.0,0.0,2021.0,2.0,3.0
"educación y capacitación","presencial","quito","pichincha",1.0,11.0,268.0,0.0,0.0,268.0,0.0,2021.0,9.0,9.0
"educación y capacitación","presencial","quito","pichincha",1.0,19.0,267.0,0.0,0.0,267.0,0.0,2018.0,7.0,9.0
"procesos industriales","presencial","quito","pichincha",35.0,1394.0,280.0,0.0,0.0,8.0,0.0,2021.0,12.0,12.0
"procesos industriales","presencial","quito","pichincha",267.0,1394.0,2136.0,0.0,0.0,8.0,0.0,2021.0,12.0,12.0
"procesos industriales","online","quito","pichincha",267.0,1394.0,2136.0,0.0,0.0,8.0,0.0,2021.0,12.0,12.0
"procesos industriales","presencial","quito","pichincha",4.0,1394.0,32.0,0.0,0.0,8.0,0.0,2021.0,12.0,12.0
"procesos industriales","presencial","quito","pichincha",3.0,247.0,24.0,0.0,0.0,8.0,0.0,2019.0,17.0,17.0
"procesos industriales","online","quito","pichincha",20.0,247.0,160.0,0.0,0.0,8.0,0.0,2019.0,17.0,17.0
"procesos industriales","presencial","quito","pichincha",17.0,247.0,272.0,0.0,0.0,16.0,0.0,2019.0,17.0,17.0
"procesos industriales","presencial","quito","pichincha",24.0,247.0,384.0,0.0,0.0,16.0,0.0,2019.0,17.0,17.0
"procesos industriales","online","quito","pichincha",29.0,247.0,232.0,0.0,0.0,8.0,0.0,2019.0,17.0,17.0
"procesos industriales","online","quito","pichincha",43.0,247.0,344.0,0.0,0.0,8.0,0.0,2019.0,17.0,17.0
"procesos industriales","presencial","quito","pichincha",31.0,247.0,248.0,0.0,0.0,8.0,0.0,2019.0,17.0,17.0
"procesos industriales","online","quito","pichincha",31.0,247.0,248.0,0.0,0.0,8.0,0.0,2019.0,17.0,17.0
"procesos industriales","online","quito","pichincha",2.0,247.0,32.0,0.0,0.0,16.0,0.0,2019.0,17.0,12.666666666666666
"educación y capacitación","online","ibarra","imbabura",22.0,245.0,880.0,0.0,0.0,40.0,0.0,2021.0,9.0,8.25
"alimentación gastronomía y turismo","presencial","ibarra","imbabura",114.0,245.0,4560.0,0.0,0.0,40.0,0.0,2021.0,9.0,8.25
"alimentación gastronomía y turismo","online","ibarra","imbabura",114.0,245.0,4560.0,0.0,0.0,40.0,0.0,2021.0,9.0,8.25
"educación y capacitación","presencial","ibarra","imbabura",16.0,60.0,640.0,0.0,0.0,40.0,0.0,2018.0,4.0,3.294270833333333
"educación y capacitación","online","ibarra","imbabura",16.0,60.0,640.0,0.0,0.0,40.0,0.0,2018.0,4.0,3.294270833333333
"administración y legislación","presencial","quito","pichincha",3.0,3.0,120.0,0.0,0.0,40.0,0.0,2020.0,1.0,3.0
"administración y legislación","presencial","quito","pichincha",59.0,75.0,2360.0,0.0,0.0,40.0,0.0,2022.0,3.0,2.0
"administración y legislación","presencial","quito","pichincha",10.0,75.0,400.0,0.0,0.0,40.0,0.0,2022.0,3.0,3.0
"servicios socioculturales y a la comunidad","presencial","quito","pichincha",5.0,5.0,200.0,0.0,0.0,40.0,0.0,2021.0,1.0,3.0
"alimentación gastronomía y turismo","presencial","quito","pichincha",213.0,1219.0,51120.0,0.0,0.0,240.0,0.0,2021.0,13.0,2.0
"alimentación gastronomía y turismo","presencial","quito","pichincha",33.0,1219.0,6600.0,0.0,0.0,200.0,0.0,2021.0,13.0,13.0
"alimentación gastronomía y turismo","presencial","quito","pichincha",44.0,1219.0,10560.0,0.0,0.0,240.0,0.0,2021.0,13.0,13.0
"educación y capacitación","semipresencial","guayaquil","guayas",723.0,1307.0,108450.0,0.0,0.0,150.0,0.0,2021.0,3.0,3.0
"artes y artesanía","presencial","quito","pichincha",4.0,24.0,160.0,0.0,0.0,40.0,0.0,2021.0,3.0,3.0
"educación y capacitación","online","santo domingo","santo domingo de los tsachilas",9.0,1119.0,360.0,0.0,0.0,40.0,0.0,2021.0,15.0,15.0
"procesos industriales","online","santo domingo","santo domingo de los tsachilas",202.0,1119.0,1616.0,0.0,0.0,8.0,0.0,2021.0,15.0,15.0
"procesos industriales","presencial","santo domingo","santo domingo de los tsachilas",3.0,1119.0,180.0,0.0,0.0,60.0,0.0,2021.0,15.0,15.0
"administración y legislación","presencial","santo domingo","santo domingo de los tsachilas",55.0,1119.0,440.0,0.0,0.0,8.0,0.0,2021.0,15.0,15.0
"tecnologías de la información y comunicación","presencial","quito","pichincha",28.0,1218.0,1120.0,16520.0,0.2333333333333333,40.0,590.0,2021.0,23.0,23.0
"tecnologías de la información y comunicación","presencial","quito","pichincha",16.0,1218.0,640.0,6188.8,0.1333333333333333,40.0,386.8,2021.0,23.0,23.0
"electricidad y electrónica","presencial","quito","pichincha",15.0,1218.0,600.0,0.0,0.125,40.0,0.0,2021.0,23.0,23.0
"educación y capacitación","presencial","quito","pichincha",95.0,1218.0,3800.0,0.0,0.7916666666666667,40.0,0.0,2021.0,23.0,23.0
"tecnologías de la información y comunicación","presencial","quito","pichincha",115.0,1218.0,4600.0,83352.00000000001,0.9583333333333331,40.0,724.8000000000001,2021.0,23.0,23.0
"tecnologías de la información y comunicación","presencial","quito","pichincha",1.0,1218.0,40.0,386.8,0.0083333333333333,40.0,386.8,2021.0,23.0,23.0
"educación y capacitación","presencial","quito","pichincha",4.0,1218.0,480.0,0.0,0.0333333333333333,120.0,0.0,2021.0,23.0,23.0
"tecnologías de la información y comunicación","presencial","quito","pichincha",15.0,1218.0,600.0,1998.0,0.125,40.0,133.2,2021.0,23.0,23.0
"tecnologías de la información y comunicación","presencial","quito","pichincha",12.0,127.0,480.0,4641.6,0.1,40.0,386.8,2019.0,14.0,5.0
"educación y capacitación","presencial","quito","pichincha",4.0,127.0,160.0,0.0,0.0333333333333333,40.0,0.0,2019.0,14.0,14.0
"tecnologías de la información y comunicación","presencial","quito","pichincha",3.0,127.0,120.0,1160.4,0.025,40.0,386.8,2019.0,14.0,14.0
"alimentación gastronomía y turismo","presencial","guayaquil","guayas",12.0,14.0,1728.0,0.0,0.0,144.0,0.0,2021.0,3.0,1.3333333333333333
"alimentación gastronomía y turismo","online","guayaquil","guayas",12.0,14.0,1728.0,0.0,0.0,144.0,0.0,2021.0,3.0,3.0
"alimentación gastronomía y turismo","presencial","guayaquil","guayas",14.0,21.0,2016.0,0.0,0.0,144.0,0.0,2019.0,3.0,2.3333333333333335
"tecnologías de la información y comunicación","presencial","guayaquil","guayas",51.0,69.0,1020.0,15045.0,0.0,20.0,295.0,2021.0,3.0,1.3333333333333333
"tecnologías de la información y comunicación","presencial","guayaquil","guayas",10.0,69.0,400.0,7500.0,0.0,40.0,750.0,2021.0,3.0,1.3333333333333333
"procesos industriales","presencial","quito","pichincha",13.0,282.0,520.0,0.0,0.0,40.0,0.0,2021.0,12.0,9.44186046511628
"procesos industriales","presencial","quito","pichincha",40.0,282.0,1600.0,0.0,0.0,40.0,0.0,2021.0,12.0,11.333333333333334
"procesos industriales","presencial","quito","pichincha",56.0,282.0,2240.0,0.0,0.0,40.0,0.0,2021.0,12.0,11.333333333333334
"procesos industriales","presencial","quito","pichincha",13.0,282.0,520.0,0.0,0.0,40.0,0.0,2021.0,12.0,9.44186046511628
"servicios socioculturales y a la comunidad","presencial","quito","pichincha",10.0,55.0,1000.0,0.0,0.0,100.0,0.0,2019.0,4.0,4.5
"alimentación gastronomía y turismo","presencial","daule","guayas",6.0,235.0,240.0,0.0,0.0,40.0,0.0,2021.0,4.0,5.0
"alimentación gastronomía y turismo","presencial","daule","guayas",60.0,235.0,18720.0,0.0,0.0,312.0,0.0,2021.0,4.0,4.0
"alimentación gastronomía y turismo","presencial","daule","guayas",44.0,54.0,13728.0,0.0,0.0,312.0,0.0,2019.0,2.0,1.3333333333333333
"tecnologías de la información y comunicación","presencial","quito","pichincha",2.0,2808.0,60.0,580.2,0.0071377587437544,30.0,290.1,2021.0,40.0,40.0
"comunicación y artes gráficas","presencial","quito","pichincha",42.0,2808.0,1260.0,0.0,0.1498929336188436,30.0,0.0,2021.0,40.0,40.0
"tecnologías de la información y comunicación","presencial","quito","pichincha",13.0,2808.0,390.0,2683.2000000000003,0.046395431834404,30.0,206.4,2021.0,40.0,40.0
"tecnologías de la información y comunicación","presencial","quito","pichincha",286.0,2808.0,8580.0,90090.0,1.020699500356888,30.0,315.0,2021.0,40.0,40.0
"tecnologías de la información y comunicación","presencial","quito","pichincha",21.0,2808.0,630.0,1417.5,0.0749464668094218,30.0,67.5,2021.0,40.0,40.0
"tecnologías de la información y comunicación","presencial","quito","pichincha",682.0,2808.0,20460.0,65642.49999318,2.4339757316202717,30.0,96.24999999,2021.0,40.0,40.0
"tecnologías de la información y comunicación","presencial","quito","pichincha",32.0,2808.0,960.0,10080.0,0.1142041399000713,30.0,315.0,2021.0,40.0,40.0
"comunicación y artes gráficas","presencial","quito","pichincha",255.0,2808.0,5100.0,0.0,0.9100642398286938,20.0,0.0,2021.0,40.0,40.0
"tecnologías de la información y comunicación","presencial","quito","pichincha",1.0,2808.0,30.0,182.7,0.0035688793718772,30.0,182.7,2021.0,40.0,21.083333333333332
"tecnologías de la información y comunicación","presencial","quito","pichincha",43.0,2808.0,1290.0,8604.3,0.1534618129907209,30.0,200.1,2021.0,40.0,40.0
"educación y capacitación","presencial","ibarra","imbabura",73.0,312.0,11096.0,0.0,0.0,152.0,0.0,2021.0,8.0,8.25
"educación y capacitación","presencial","ibarra","imbabura",19.0,312.0,3610.0,0.0,0.0,190.0,0.0,2021.0,8.0,8.25
"procesos industriales","presencial","guayaquil","guayas",5.0,104.0,80.0,0.0,0.0,16.0,0.0,2021.0,7.0,7.0
"procesos industriales","online","MISSING","cotopaxi",30.0,193.0,900.0,0.0,0.0,30.0,0.0,2021.0,5.0,4.627756358225107
"procesos industriales","online","MISSING","cotopaxi",113.0,193.0,2260.0,0.0,0.0,20.0,0.0,2021.0,5.0,4.627756358225107
"electricidad y electrónica","presencial","quito","pichincha",22.0,3266.0,1320.0,0.0,0.0,60.0,0.0,2021.0,38.0,38.0
"procesos industriales","presencial","quito","pichincha",19.0,3266.0,342.0,0.0,0.0,18.0,0.0,2021.0,38.0,38.0
"procesos industriales","online","quito","pichincha",19.0,3266.0,342.0,0.0,0.0,18.0,0.0,2021.0,38.0,38.0
"procesos industriales","presencial","quito","pichincha",2.0,3266.0,32.0,0.0,0.0,16.0,0.0,2021.0,38.0,38.0
"procesos industriales","presencial","quito","pichincha",17.0,3266.0,272.0,0.0,0.0,16.0,0.0,2021.0,38.0,38.0
"electricidad y electrónica","presencial","quito","pichincha",6.0,3266.0,120.0,0.0,0.0,20.0,0.0,2021.0,38.0,38.0
"electricidad y electrónica","presencial","quito","pichincha",22.0,3266.0,2200.0,0.0,0.0,100.0,0.0,2021.0,38.0,38.0
"electricidad y electrónica","online","quito","pichincha",22.0,3266.0,2200.0,0.0,0.0,100.0,0.0,2021.0,38.0,38.0
"electricidad y electrónica","presencial","quito","pichincha",3.0,3266.0,60.0,0.0,0.0,20.0,0.0,2021.0,38.0,38.0
"electricidad y electrónica","presencial","quito","pichincha",5.0,3266.0,600.0,0.0,0.0,120.0,0.0,2021.0,38.0,38.0
"electricidad y electrónica","presencial","quito","pichincha",5.0,3266.0,500.0,0.0,0.0,100.0,0.0,2021.0,38.0,38.0
"educación y capacitación","presencial","quito","pichincha",22.0,3266.0,880.0,0.0,0.0,40.0,0.0,2021.0,38.0,38.0
"educación y capacitación","online","quito","pichincha",22.0,3266.0,880.0,0.0,0.0,40.0,0.0,2021.0,38.0,38.0
"procesos industriales","presencial","quito","pichincha",15.0,3266.0,1500.0,0.0,0.0,100.0,0.0,2021.0,38.0,38.0
"procesos industriales","online","quito","pichincha",15.0,3266.0,1500.0,0.0,0.0,100.0,0.0,2021.0,38.0,38.0
"electricidad y electrónica","presencial","quito","pichincha",25.0,3266.0,1500.0,0.0,0.0,60.0,0.0,2021.0,38.0,38.0
"procesos industriales","presencial","quito","pichincha",248.0,3266.0,2480.0,0.0,0.0,10.0,0.0,2021.0,38.0,38.0
"procesos industriales","online","quito","pichincha",248.0,3266.0,4464.0,0.0,0.0,18.0,0.0,2021.0,38.0,38.0
"procesos industriales","online","quito","pichincha",248.0,3266.0,2480.0,0.0,0.0,10.0,0.0,2021.0,38.0,38.0
"electricidad y electrónica","online","quito","pichincha",6.0,3266.0,96.0,0.0,0.0,16.0,0.0,2021.0,38.0,38.0
"procesos industriales","presencial","quito","pichincha",14.0,3266.0,140.0,0.0,0.0,10.0,0.0,2021.0,38.0,38.0
"procesos industriales","presencial","quito","pichincha",194.0,3266.0,4656.0,0.0,0.0,24.0,0.0,2021.0,38.0,38.0
"procesos industriales","online","quito","pichincha",194.0,3266.0,4656.0,0.0,0.0,24.0,0.0,2021.0,38.0,38.0
"procesos industriales","online","quito","pichincha",194.0,3266.0,1940.0,0.0,0.0,10.0,0.0,2021.0,38.0,38.0
"procesos industriales","online","quito","pichincha",194.0,3266.0,7760.0,0.0,0.0,40.0,0.0,2021.0,38.0,38.0
"procesos industriales","presencial","quito","pichincha",194.0,3266.0,3880.0,0.0,0.0,20.0,0.0,2021.0,38.0,38.0
"procesos industriales","semipresencial","quito","pichincha",194.0,3266.0,4656.0,0.0,0.0,24.0,0.0,2021.0,38.0,38.0
"procesos industriales","presencial","quito","pichincha",143.0,3266.0,5148.0,0.0,0.0,36.0,0.0,2021.0,38.0,38.0
"procesos industriales","online","quito","pichincha",143.0,3266.0,5148.0,0.0,0.0,36.0,0.0,2021.0,38.0,38.0
"procesos industriales","online","quito","pichincha",143.0,3266.0,5720.0,0.0,0.0,40.0,0.0,2021.0,38.0,38.0
"procesos industriales","presencial","quito","pichincha",732.0,3266.0,21960.0,0.0,0.0,30.0,0.0,2021.0,38.0,38.0
"procesos industriales","presencial","quito","pichincha",732.0,3266.0,11712.0,0.0,0.0,16.0,0.0,2021.0,38.0,38.0
"procesos industriales","presencial","quito","pichincha",732.0,3266.0,8784.0,0.0,0.0,12.0,0.0,2021.0,38.0,38.0
"procesos industriales","online","quito","pichincha",732.0,3266.0,29280.0,0.0,0.0,40.0,0.0,2021.0,38.0,38.0
"procesos industriales","online","quito","pichincha",732.0,3266.0,8784.0,0.0,0.0,12.0,0.0,2021.0,38.0,38.0
"procesos industriales","online","quito","pichincha",732.0,3266.0,11712.0,0.0,0.0,16.0,0.0,2021.0,38.0,38.0
"procesos industriales","presencial","quito","pichincha",128.0,3266.0,1280.0,0.0,0.0,10.0,0.0,2021.0,38.0,38.0
"procesos industriales","online","quito","pichincha",691.0,3266.0,13820.0,0.0,0.0,20.0,0.0,2021.0,38.0,38.0
"procesos industriales","online","quito","pichincha",691.0,3266.0,6910.0,0.0,0.0,10.0,0.0,2021.0,38.0,38.0
"procesos industriales","presencial","quito","pichincha",691.0,3266.0,16584.0,0.0,0.0,24.0,0.0,2021.0,38.0,38.0
"procesos industriales","presencial","quito","pichincha",15.0,3266.0,240.0,0.0,0.0,16.0,0.0,2021.0,38.0,38.0
"procesos industriales","presencial","quito","pichincha",12.0,3266.0,120.0,0.0,0.0,10.0,0.0,2021.0,38.0,38.0
"mecánica industrial y minería","online","quito","pichincha",85.0,3266.0,1360.0,0.0,0.0,16.0,0.0,2021.0,38.0,38.0
"procesos industriales","online","quito","pichincha",103.0,3266.0,2060.0,0.0,0.0,20.0,0.0,2021.0,38.0,38.0
"procesos industriales","presencial","quito","pichincha",103.0,3266.0,2472.0,0.0,0.0,24.0,0.0,2021.0,38.0,38.0
"procesos industriales","online","quito","pichincha",103.0,3266.0,2472.0,0.0,0.0,24.0,0.0,2021.0,38.0,38.0
"procesos industriales","semipresencial","quito","pichincha",103.0,3266.0,2472.0,0.0,0.0,24.0,0.0,2021.0,38.0,38.0
"procesos industriales","presencial","quito","pichincha",3.0,9.0,48.0,0.0,0.0,16.0,0.0,2021.0,4.0,3.0
"procesos industriales","presencial","quito","pichincha",3.0,9.0,24.0,0.0,0.0,8.0,0.0,2021.0,4.0,3.0
"administración y legislación","online","quito","pichincha",1337.0,1337.0,85568.0,0.0,0.0,64.0,0.0,2021.0,1.0,2.0
"transporte y logística","presencial","latacunga","cotopaxi",26.0,2045.0,520.0,0.0,0.0,20.0,0.0,2021.0,12.0,22.0
"construcción e infraestructura","presencial","latacunga","cotopaxi",13.0,2045.0,520.0,0.0,0.0,40.0,0.0,2021.0,12.0,22.0
"educación y capacitación","online","quito","pichincha",204.0,2885.0,4284.0,0.0,0.0,21.0,0.0,2021.0,30.0,30.0
"educación y capacitación","online","quito","pichincha",219.0,2885.0,4599.0,0.0,0.0,21.0,0.0,2021.0,30.0,30.0
"educación y capacitación","online","quito","pichincha",32.0,2885.0,672.0,0.0,0.0,21.0,0.0,2021.0,30.0,30.0
"educación y capacitación","online","quito","pichincha",387.0,2885.0,10836.0,0.0,0.0,28.0,0.0,2021.0,30.0,30.0
"educación y capacitación","online","quito","pichincha",160.0,2885.0,4480.0,0.0,0.0,28.0,0.0,2021.0,30.0,30.0
"educación y capacitación","online","quito","pichincha",24.0,2885.0,672.0,0.0,0.0,28.0,0.0,2021.0,30.0,30.0
"educación y capacitación","online","quito","pichincha",77.0,2885.0,1617.0,0.0,0.0,21.0,0.0,2021.0,30.0,30.0
"educación y capacitación","online","quito","pichincha",31.0,692.0,651.0,0.0,0.0,21.0,0.0,2019.0,20.0,20.0
"administración y legislación","online","quito","pichincha",11.0,18.0,440.0,0.0,0.0,40.0,0.0,2021.0,3.0,3.0
"administración y legislación","presencial","quito","pichincha",40.0,305.0,1600.0,0.0,0.0,40.0,0.0,2021.0,10.0,11.333333333333334
"educación y capacitación","presencial","guayaquil","guayas",54.0,110.0,4320.0,0.0,0.0,80.0,0.0,2021.0,4.0,4.0
"procesos industriales","online","quito","pichincha",202.0,3031.0,4848.0,0.0,0.0,24.0,0.0,2021.0,17.0,16.333333333333332
"procesos industriales","presencial","quito","pichincha",355.0,3031.0,8520.0,0.0,0.0,24.0,0.0,2021.0,17.0,16.333333333333332
"procesos industriales","online","quito","pichincha",355.0,3031.0,8520.0,0.0,0.0,24.0,0.0,2021.0,17.0,16.333333333333332
"procesos industriales","semipresencial","quito","pichincha",355.0,3031.0,8520.0,0.0,0.0,24.0,0.0,2021.0,17.0,16.333333333333332
"procesos industriales","presencial","quito","pichincha",23.0,648.0,552.0,0.0,0.0,24.0,0.0,2019.0,13.0,13.0
"procesos industriales","online","quito","pichincha",23.0,648.0,552.0,0.0,0.0,24.0,0.0,2019.0,13.0,13.0
"industrias  manufactureras","desconocida","guayaquil","guayas",19.0,20.0,0.0,0.0,0.0,0.0,0.0,2021.0,2.0,2.5
"procesos industriales","presencial","quito","pichincha",57.0,236.0,570.0,0.0,0.0,10.0,0.0,2021.0,6.0,5.857142857142857
"procesos industriales","presencial","quito","pichincha",2.0,236.0,20.0,0.0,0.0,10.0,0.0,2021.0,6.0,5.0
"administración y legislación","online","latacunga","cotopaxi",216.0,3608.0,43200.0,0.0,0.0,200.0,0.0,2021.0,24.0,22.0
"administración y legislación","online","latacunga","cotopaxi",24.0,3608.0,960.0,0.0,0.0,40.0,0.0,2021.0,24.0,22.0
"finanzas comercio y ventas","online","latacunga","cotopaxi",409.0,3608.0,32720.0,0.0,0.0,80.0,0.0,2021.0,24.0,22.0
"educación y capacitación","presencial","latacunga","cotopaxi",86.0,3608.0,12900.0,0.0,0.0,150.0,0.0,2021.0,24.0,22.0
"administración y legislación","online","guayaquil","guayas",6.0,5039.0,144.0,0.0,0.0,24.0,0.0,2021.0,20.0,20.0
"procesos industriales","online","guayaquil","guayas",85.0,5039.0,850.0,0.0,0.0,10.0,0.0,2021.0,20.0,20.0
"transporte y logística","presencial","guayaquil","guayas",33.0,5039.0,1254.0,0.0,0.0,38.0,0.0,2021.0,20.0,20.0
"transporte y logística","online","guayaquil","guayas",3.0,5039.0,120.0,0.0,0.0,40.0,0.0,2021.0,20.0,20.0
"transporte y logística","presencial","guayaquil","guayas",8.0,5039.0,320.0,0.0,0.0,40.0,0.0,2021.0,20.0,20.0
"transporte y logística","presencial","guayaquil","guayas",80.0,5039.0,2080.0,0.0,0.0,26.0,0.0,2021.0,20.0,20.0
"administración y legislación","online","guayaquil","guayas",66.0,1389.0,792.0,0.0,0.0,12.0,0.0,2021.0,23.0,23.0
"administración y legislación","online","guayaquil","guayas",13.0,1389.0,156.0,0.0,0.0,12.0,0.0,2021.0,23.0,23.0
"administración y legislación","online","guayaquil","guayas",126.0,1389.0,1512.0,0.0,0.0,12.0,0.0,2021.0,23.0,23.0
"administración y legislación","online","guayaquil","guayas",10.0,1389.0,120.0,0.0,0.0,12.0,0.0,2021.0,23.0,23.0
"tecnologías de la información y comunicación","presencial","guayaquil","guayas",19.0,1389.0,228.0,731.499999924,0.0,12.0,38.499999996,2021.0,23.0,23.0
"tecnologías de la información y comunicación","presencial","guayaquil","guayas",37.0,1389.0,444.0,6549.0,0.0,12.0,177.0,2021.0,23.0,23.0
"administración y legislación","online","guayaquil","guayas",19.0,1389.0,228.0,0.0,0.0,12.0,0.0,2021.0,23.0,23.0
"administración y legislación","presencial","guayaquil","guayas",145.0,1389.0,1740.0,0.0,0.0,12.0,0.0,2021.0,23.0,23.0
"procesos industriales","presencial","guayaquil","guayas",38.0,1389.0,456.0,0.0,0.0,12.0,0.0,2021.0,23.0,23.0
"procesos industriales","online","guayaquil","guayas",38.0,1389.0,456.0,0.0,0.0,12.0,0.0,2021.0,23.0,23.0
"procesos industriales","online","guayaquil","guayas",20.0,1389.0,240.0,0.0,0.0,12.0,0.0,2021.0,23.0,23.0
"procesos industriales","online","guayaquil","guayas",14.0,1389.0,168.0,0.0,0.0,12.0,0.0,2021.0,23.0,23.0
"procesos industriales","presencial","guayaquil","guayas",26.0,1389.0,312.0,0.0,0.0,12.0,0.0,2021.0,23.0,23.0
"procesos industriales","online","guayaquil","guayas",26.0,1389.0,312.0,0.0,0.0,12.0,0.0,2021.0,23.0,23.0
"procesos industriales","online","guayaquil","guayas",32.0,1389.0,384.0,0.0,0.0,12.0,0.0,2021.0,23.0,23.0
"educación y capacitación","online","guayaquil","guayas",8.0,1389.0,96.0,0.0,0.0,12.0,0.0,2021.0,23.0,23.0
"educación y capacitación","presencial","guayaquil","guayas",8.0,1389.0,96.0,0.0,0.0,12.0,0.0,2021.0,23.0,23.0
"mecánica automotriz","presencial","cayambe","pichincha",31.0,178.0,6200.0,0.0,0.0,200.0,0.0,2021.0,10.0,4.166666666666667
"alimentación gastronomía y turismo","presencial","quito","pichincha",9.0,324.0,1080.0,0.0,0.0,120.0,0.0,2021.0,8.0,8.857142857142858
"electricidad y electrónica","presencial","quito","pichincha",17.0,324.0,2040.0,0.0,0.0,120.0,0.0,2021.0,8.0,8.857142857142858
"alimentación gastronomía y turismo","presencial","quito","pichincha",71.0,324.0,8520.0,0.0,0.0,120.0,0.0,2021.0,8.0,8.857142857142858
"alimentación gastronomía y turismo","presencial","quito","pichincha",28.0,202.0,3360.0,0.0,0.0,120.0,0.0,2018.0,12.0,11.666666666666666
"tecnologías de la información y comunicación","presencial","quito","pichincha",3.0,202.0,360.0,3481.2000000000003,0.0,120.0,1160.4,2018.0,12.0,5.0
"educación y capacitación","presencial","quito","pichincha",241.0,352.0,28920.0,0.0,0.0,120.0,0.0,2021.0,11.0,4.111111111111111
"procesos industriales","presencial","quito","pichincha",28.0,349.0,224.0,0.0,0.0,8.0,0.0,2021.0,6.0,9.44186046511628
"procesos industriales","presencial","quito","pichincha",128.0,349.0,1024.0,0.0,0.0,8.0,0.0,2021.0,6.0,7.0
"procesos industriales","presencial","quito","pichincha",59.0,349.0,472.0,0.0,0.0,8.0,0.0,2021.0,6.0,9.44186046511628
"procesos industriales","presencial","quito","pichincha",30.0,349.0,360.0,0.0,0.0,12.0,0.0,2021.0,6.0,9.44186046511628
"procesos industriales","presencial","quito","pichincha",48.0,149.0,384.0,0.0,0.0,8.0,0.0,2018.0,8.0,5.857142857142857
"procesos industriales","presencial","quito","pichincha",5.0,149.0,60.0,0.0,0.0,12.0,0.0,2018.0,8.0,9.0
"administración y legislación","presencial","quito","pichincha",5.0,9.0,120.0,0.0,0.0,24.0,0.0,2021.0,3.0,3.0
"procesos industriales","online","latacunga","cotopaxi",206.0,1256.0,2060.0,0.0,0.0,10.0,0.0,2021.0,15.0,15.0
"procesos industriales","presencial","latacunga","cotopaxi",243.0,1256.0,4860.0,0.0,0.0,20.0,0.0,2021.0,15.0,15.0
"procesos industriales","presencial","latacunga","cotopaxi",52.0,1256.0,780.0,0.0,0.0,15.0,0.0,2021.0,15.0,15.0
"procesos industriales","presencial","latacunga","cotopaxi",6.0,1256.0,60.0,0.0,0.0,10.0,0.0,2021.0,15.0,16.333333333333332
"procesos industriales","online","latacunga","cotopaxi",6.0,1256.0,60.0,0.0,0.0,10.0,0.0,2021.0,15.0,16.333333333333332
"procesos industriales","presencial","latacunga","cotopaxi",63.0,1256.0,945.0,0.0,0.0,15.0,0.0,2021.0,15.0,15.0
"procesos industriales","online","latacunga","cotopaxi",63.0,1256.0,945.0,0.0,0.0,15.0,0.0,2021.0,15.0,15.0
"procesos industriales","presencial","latacunga","cotopaxi",14.0,44.0,560.0,0.0,0.0,40.0,0.0,2019.0,3.0,2.3333333333333335
"tecnologías de la información y comunicación","presencial","riobamba","chimborazo",5.0,13.0,200.0,1334.0,0.0,40.0,266.8,2021.0,2.0,3.0
"artes y artesanía","presencial","pastaza","pastaza",5.0,16.0,1800.0,0.0,0.0,360.0,0.0,2021.0,2.0,4.0
"artes y artesanía","presencial","pastaza","pastaza",11.0,16.0,1100.0,0.0,0.0,100.0,0.0,2021.0,2.0,1.3333333333333333
"educación y capacitación","presencial","quito","pichincha",3.0,3.0,720.0,0.0,0.0,240.0,0.0,2021.0,1.0,3.0
"administración y legislación","presencial","quito","pichincha",32.0,351.0,512.0,0.0,0.0,16.0,0.0,2021.0,10.0,9.44186046511628
"administración y legislación","online","quito","pichincha",32.0,351.0,512.0,0.0,0.0,16.0,0.0,2021.0,10.0,9.44186046511628
"educación y capacitación","presencial","quito","pichincha",8.0,351.0,2240.0,0.0,0.0,280.0,0.0,2021.0,10.0,8.857142857142858
"administración y legislación","presencial","quito","pichincha",127.0,351.0,2540.0,0.0,0.0,20.0,0.0,2021.0,10.0,7.0
"administración y legislación","online","quito","pichincha",127.0,351.0,2540.0,0.0,0.0,20.0,0.0,2021.0,10.0,7.0
"procesos industriales","presencial","quito","pichincha",14.0,351.0,280.0,0.0,0.0,20.0,0.0,2021.0,10.0,9.44186046511628
"finanzas comercio y ventas","online","quito","pichincha",32.0,351.0,512.0,0.0,0.0,16.0,0.0,2021.0,10.0,9.44186046511628
"tecnologías de la información y comunicación","online","cayambe","pichincha",51.0,121.0,2040.0,30090.0,0.0,40.0,590.0,2021.0,3.0,4.166666666666667
"tecnologías de la información y comunicación","presencial","guayaquil","guayas",25.0,33.0,750.0,7252.500000000001,0.2033677702757667,30.0,290.1,2021.0,2.0,2.0
"tecnologías de la información y comunicación","presencial","guayaquil","guayas",8.0,33.0,240.0,3540.0,0.0650776864882453,30.0,442.5,2021.0,2.0,2.6666666666666665
"tecnologías de la información y comunicación","presencial","guayaquil","guayas",41.0,107.0,1230.0,11894.1,0.3335231432522574,30.0,290.1,2018.0,4.0,4.0
"tecnologías de la información y comunicación","presencial","guayaquil","guayas",33.0,107.0,990.0,6603.3,0.268445456764012,30.0,200.1,2018.0,4.0,4.0
"tecnologías de la información y comunicación","presencial","guayaquil","guayas",44.0,397.0,1320.0,12764.4,0.3579272756853494,30.0,290.1,2019.0,7.0,7.0
"tecnologías de la información y comunicación","presencial","guayaquil","guayas",6.0,397.0,180.0,2655.0,0.048808264866184,30.0,442.5,2019.0,7.0,9.44186046511628
"administración y legislación","online","quito","pichincha",32.0,1118.0,512.0,0.0,0.5149662053427744,16.0,0.0,2021.0,19.0,19.0
"procesos industriales","presencial","quito","pichincha",92.0,1118.0,1104.0,0.0,1.4805278403604765,12.0,0.0,2021.0,19.0,19.0
"administración y legislación","presencial","quito","pichincha",55.0,1118.0,440.0,0.0,0.8850981654328934,8.0,0.0,2021.0,19.0,19.0
"administración y legislación","online","quito","pichincha",20.0,1118.0,320.0,0.0,0.3218538783392339,16.0,0.0,2021.0,19.0,19.0
"administración y legislación","online","quito","pichincha",88.0,1118.0,704.0,0.0,1.4161570646926296,8.0,0.0,2021.0,19.0,19.0
"procesos industriales","presencial","quito","pichincha",4.0,1118.0,48.0,0.0,0.0643707756678468,12.0,0.0,2021.0,19.0,19.0
"procesos industriales","presencial","quito","pichincha",57.0,1118.0,684.0,0.0,0.9172835532668168,12.0,0.0,2021.0,19.0,19.0
"finanzas comercio y ventas","online","quito","pichincha",102.0,680.0,4080.0,0.0,1.641454779530093,40.0,0.0,2019.0,11.0,11.0
"procesos industriales","presencial","quito","pichincha",14.0,680.0,168.0,0.0,0.2252977148374637,12.0,0.0,2019.0,11.0,11.0
"procesos industriales","presencial","quito","pichincha",51.0,680.0,918.0,0.0,0.8207273897650467,18.0,0.0,2019.0,11.0,11.0
"educación y capacitación","presencial","quito","pichincha",16.0,16.0,128.0,0.0,0.0,8.0,0.0,2021.0,1.0,2.6666666666666665
"alimentación gastronomía y turismo","presencial","ambato","tungurahua",34.0,354.0,2312.0,0.0,0.0,68.0,0.0,2021.0,12.0,12.0
"administración y legislación","online","quito","pichincha",50.0,104.0,1000.0,0.0,0.0,20.0,0.0,2021.0,4.0,9.0
"actividades de atención de la salud humana y de asistencia social","desconocida","loja","loja",35.0,80.0,0.0,0.0,0.0,0.0,0.0,2021.0,3.0,3.0
"educación y capacitación","presencial","quito","pichincha",69.0,69.0,4140.0,0.0,0.0,60.0,0.0,2018.0,1.0,2.0
"educación y capacitación","presencial","quito","pichincha",4.0,57.0,240.0,0.0,0.0,60.0,0.0,2019.0,2.0,3.5
"servicios socioculturales y a la comunidad","online","quito","pichincha",11.0,109.0,1760.0,0.0,0.0,160.0,0.0,2021.0,9.0,5.5
"servicios socioculturales y a la comunidad","presencial","quito","pichincha",1.0,109.0,160.0,0.0,0.0,160.0,0.0,2021.0,9.0,4.5
"procesos industriales","presencial","quito","pichincha",17.0,1373.0,510.0,0.0,0.0,30.0,0.0,2021.0,20.0,20.0
"procesos industriales","presencial","quito","pichincha",28.0,1373.0,336.0,0.0,0.0,12.0,0.0,2021.0,20.0,20.0
"procesos industriales","presencial","quito","pichincha",480.0,1373.0,8640.0,0.0,0.0,18.0,0.0,2021.0,20.0,20.0
"procesos industriales","presencial","quito","pichincha",51.0,1373.0,612.0,0.0,0.0,12.0,0.0,2021.0,20.0,20.0
"procesos industriales","presencial","quito","pichincha",1.0,1373.0,36.0,0.0,0.0,36.0,0.0,2021.0,20.0,20.0
"procesos industriales","presencial","quito","pichincha",429.0,1373.0,5148.0,0.0,0.0,12.0,0.0,2021.0,20.0,20.0
"procesos industriales","online","quito","pichincha",429.0,1373.0,5148.0,0.0,0.0,12.0,0.0,2021.0,20.0,20.0
"procesos industriales","presencial","quito","pichincha",111.0,1373.0,1332.0,0.0,0.0,12.0,0.0,2021.0,20.0,20.0
"procesos industriales","presencial","quito","pichincha",19.0,1373.0,228.0,0.0,0.0,12.0,0.0,2021.0,20.0,20.0
"procesos industriales","online","quito","pichincha",84.0,238.0,1512.0,0.0,0.0,18.0,0.0,2019.0,9.0,9.0
"procesos industriales","online","quito","pichincha",84.0,238.0,672.0,0.0,0.0,8.0,0.0,2019.0,9.0,5.0
"educación y capacitación","online","milagro","guayas",66.0,239.0,7920.0,0.0,0.0,120.0,0.0,2021.0,7.0,7.0
"educación y capacitación","presencial","milagro","guayas",41.0,239.0,4920.0,0.0,0.0,120.0,0.0,2021.0,7.0,7.0
"educación y capacitación","presencial","milagro","guayas",26.0,91.0,6240.0,0.0,0.0,240.0,0.0,2019.0,3.0,3.0
"educación y capacitación","online","milagro","guayas",26.0,91.0,6240.0,0.0,0.0,240.0,0.0,2019.0,3.0,3.0
"administración y legislación","online","guayaquil","guayas",16.0,621.0,512.0,0.0,0.0,32.0,0.0,2021.0,12.0,12.0
"administración y legislación","online","guayaquil","guayas",113.0,621.0,3616.0,0.0,0.0,32.0,0.0,2021.0,12.0,12.0
"administración y legislación","online","guayaquil","guayas",36.0,47.0,1152.0,0.0,0.0,32.0,0.0,2018.0,4.0,3.0
"administración y legislación","online","guayaquil","guayas",170.0,336.0,5440.0,0.0,0.0,32.0,0.0,2019.0,14.0,8.0
"administración y legislación","online","guayaquil","guayas",3.0,336.0,114.0,0.0,0.0,38.0,0.0,2019.0,14.0,9.44186046511628
"administración y legislación","online","guayaquil","guayas",27.0,336.0,648.0,0.0,0.0,24.0,0.0,2019.0,14.0,9.44186046511628
"educación y capacitación","presencial","quito","pichincha",3.0,3.0,288.0,0.0,0.0,96.0,0.0,2021.0,1.0,3.0
"alimentación gastronomía y turismo","presencial","portoviejo","manabi",6.0,6.0,60.0,0.0,0.0,10.0,0.0,2021.0,1.0,3.0
"administración y legislación","online","guayaquil","guayas",52.0,1280.0,2080.0,0.0,0.0971962616822429,40.0,0.0,2021.0,38.0,38.0
"tecnologías de la información y comunicación","presencial","guayaquil","guayas",14.0,1280.0,280.0,4130.0,0.0261682242990654,20.0,295.0,2021.0,38.0,38.0
"tecnologías de la información y comunicación","presencial","guayaquil","guayas",22.0,1280.0,440.0,6490.0,0.0411214953271028,20.0,295.0,2021.0,38.0,38.0
"tecnologías de la información y comunicación","presencial","guayaquil","guayas",69.0,1280.0,2760.0,28980.0,0.1289719626168224,40.0,420.0,2021.0,38.0,38.0
"tecnologías de la información y comunicación","online","guayaquil","guayas",33.0,1280.0,660.0,2640.0,0.0616822429906542,20.0,80.0,2021.0,38.0,38.0
"construcción e infraestructura","online","guayaquil","guayas",37.0,1280.0,740.0,0.0,0.0691588785046729,20.0,0.0,2021.0,38.0,38.0
"construcción e infraestructura","presencial","guayaquil","guayas",41.0,1280.0,820.0,0.0,0.0766355140186915,20.0,0.0,2021.0,38.0,38.0
"construcción e infraestructura","online","guayaquil","guayas",8.0,1280.0,160.0,0.0,0.0149532710280373,20.0,0.0,2021.0,38.0,38.0
"administración y legislación","presencial","guayaquil","guayas",231.0,1280.0,9240.0,0.0,0.4317757009345794,40.0,0.0,2021.0,38.0,38.0
"construcción e infraestructura","online","guayaquil","guayas",10.0,1280.0,200.0,0.0,0.0186915887850467,20.0,0.0,2021.0,38.0,38.0
"electricidad y electrónica","online","guayaquil","guayas",9.0,1280.0,360.0,0.0,0.016822429906542,40.0,0.0,2021.0,38.0,38.0
"finanzas comercio y ventas","online","guayaquil","guayas",6.0,1280.0,96.0,0.0,0.011214953271028,16.0,0.0,2021.0,38.0,38.0
"tecnologías de la información y comunicación","online","guayaquil","guayas",8.0,1280.0,160.0,640.0,0.0149532710280373,20.0,80.0,2021.0,38.0,38.0
"tecnologías de la información y comunicación","presencial","guayaquil","guayas",28.0,1280.0,840.0,11415.6,0.0523364485981308,30.0,407.7,2021.0,38.0,38.0
"tecnologías de la información y comunicación","online","guayaquil","guayas",35.0,1280.0,1400.0,8526.0,0.0654205607476635,40.0,243.6,2021.0,38.0,38.0
"tecnologías de la información y comunicación","online","guayaquil","guayas",22.0,1280.0,440.0,7972.799999999999,0.0411214953271028,20.0,362.4,2021.0,38.0,38.0
"tecnologías de la información y comunicación","presencial","guayaquil","guayas",116.0,1280.0,2320.0,34220.0,0.216822429906542,20.0,295.0,2021.0,38.0,38.0
"administración y legislación","presencial","guayaquil","guayas",13.0,1280.0,208.0,0.0,0.0242990654205607,16.0,0.0,2021.0,38.0,38.0
"administración y legislación","online","guayaquil","guayas",13.0,1280.0,208.0,0.0,0.0242990654205607,16.0,0.0,2021.0,38.0,38.0
"construcción e infraestructura","presencial","guayaquil","guayas",10.0,1280.0,200.0,0.0,0.0186915887850467,20.0,0.0,2021.0,38.0,38.0
"construcción e infraestructura","online","guayaquil","guayas",10.0,1280.0,200.0,0.0,0.0186915887850467,20.0,0.0,2021.0,38.0,38.0
"tecnologías de la información y comunicación","online","guayaquil","guayas",24.0,1280.0,480.0,4641.6,0.0448598130841121,20.0,193.4,2021.0,38.0,38.0
"tecnologías de la información y comunicación","online","guayaquil","guayas",108.0,1280.0,2160.0,8640.0,0.2018691588785046,20.0,80.0,2021.0,38.0,38.0
"tecnologías de la información y comunicación","online","guayaquil","guayas",2.0,1280.0,40.0,160.0,0.0037383177570093,20.0,80.0,2021.0,38.0,23.0
"tecnologías de la información y comunicación","online","guayaquil","guayas",30.0,1280.0,600.0,2400.0,0.0560747663551401,20.0,80.0,2021.0,38.0,38.0
"administración y legislación","presencial","guayaquil","guayas",106.0,318.0,4240.0,0.0,0.1981308411214953,40.0,0.0,2019.0,8.0,8.0
"construcción e infraestructura","presencial","guayaquil","guayas",12.0,318.0,480.0,0.0,0.022429906542056,40.0,0.0,2019.0,8.0,9.44186046511628
"tecnologías de la información y comunicación","online","guayaquil","guayas",76.0,318.0,3040.0,6840.0,0.1420560747663551,40.0,90.0,2019.0,8.0,8.0
"tecnologías de la información y comunicación","online","quito","pichincha",8.0,50.0,320.0,3865.6,0.0,40.0,483.2,2021.0,5.0,5.0
"educación y capacitación","presencial","quito","pichincha",5.0,50.0,200.0,0.0,0.0,40.0,0.0,2021.0,5.0,3.5
"educación y capacitación","semipresencial","quito","pichincha",5.0,50.0,200.0,0.0,0.0,40.0,0.0,2021.0,5.0,3.5
"tecnologías de la información y comunicación","online","quito","pichincha",6.0,50.0,240.0,2320.8,0.0,40.0,386.8,2021.0,5.0,4.0
"tecnologías de la información y comunicación","semipresencial","quito","pichincha",10.0,86.0,400.0,4832.0,0.0,40.0,483.2,2019.0,5.0,5.0
"tecnologías de la información y comunicación","online","quito","pichincha",10.0,86.0,400.0,4832.0,0.0,40.0,483.2,2019.0,5.0,5.0
"tecnologías de la información y comunicación","online","quito","pichincha",12.0,86.0,480.0,4641.6,0.0,40.0,386.8,2019.0,5.0,5.0
"tecnologías de la información y comunicación","online","quito","pichincha",12.0,86.0,1440.0,13924.8,0.0,120.0,1160.4,2019.0,5.0,6.0
"administración y legislación","semipresencial","quito","pichincha",46.0,86.0,1840.0,0.0,0.0,40.0,0.0,2019.0,5.0,4.666666666666667
"procesos industriales","presencial","riobamba","chimborazo",1.0,2.0,18.0,0.0,0.0,18.0,0.0,2021.0,2.0,1.3333333333333333
"procesos industriales","presencial","riobamba","chimborazo",21.0,1783.0,168.0,0.0,0.0,8.0,0.0,2018.0,54.0,54.0
"procesos industriales","online","riobamba","chimborazo",21.0,1783.0,168.0,0.0,0.0,8.0,0.0,2018.0,54.0,54.0
"procesos industriales","presencial","riobamba","chimborazo",21.0,1783.0,168.0,0.0,0.0,8.0,0.0,2018.0,54.0,54.0
"forestal ecología y medio ambiente","presencial","riobamba","chimborazo",2.0,1783.0,60.0,0.0,0.0,30.0,0.0,2018.0,54.0,54.0
"educación y capacitación","online","riobamba","chimborazo",12.0,1783.0,1440.0,0.0,0.0,120.0,0.0,2018.0,54.0,54.0
"procesos industriales","presencial","riobamba","chimborazo",32.0,1783.0,256.0,0.0,0.0,8.0,0.0,2018.0,54.0,54.0
"procesos industriales","presencial","riobamba","chimborazo",192.0,1783.0,1536.0,0.0,0.0,8.0,0.0,2018.0,54.0,54.0
"procesos industriales","online","riobamba","chimborazo",192.0,1783.0,1536.0,0.0,0.0,8.0,0.0,2018.0,54.0,54.0
"procesos industriales","presencial","riobamba","chimborazo",10.0,1783.0,80.0,0.0,0.0,8.0,0.0,2018.0,54.0,54.0
"procesos industriales","presencial","riobamba","chimborazo",10.0,1783.0,240.0,0.0,0.0,24.0,0.0,2018.0,54.0,54.0
"procesos industriales","presencial","riobamba","chimborazo",155.0,1271.0,2790.0,0.0,0.0,18.0,0.0,2019.0,27.0,27.0
"educación y capacitación","presencial","riobamba","chimborazo",25.0,1271.0,3000.0,0.0,0.0,120.0,0.0,2019.0,27.0,27.0
"forestal ecología y medio ambiente","presencial","riobamba","chimborazo",20.0,1271.0,160.0,0.0,0.0,8.0,0.0,2019.0,27.0,27.0
"procesos industriales","online","riobamba","chimborazo",20.0,1271.0,160.0,0.0,0.0,8.0,0.0,2019.0,27.0,27.0
"procesos industriales","online","riobamba","chimborazo",43.0,1271.0,344.0,0.0,0.0,8.0,0.0,2019.0,27.0,27.0
"procesos industriales","online","riobamba","chimborazo",9.0,1271.0,72.0,0.0,0.0,8.0,0.0,2019.0,27.0,27.0
"educación y capacitación","presencial","riobamba","chimborazo",14.0,1271.0,420.0,0.0,0.0,30.0,0.0,2019.0,27.0,27.0
"procesos industriales","presencial","riobamba","chimborazo",1.0,2.0,18.0,0.0,0.0,18.0,0.0,2020.0,2.0,1.3333333333333333
"procesos industriales","presencial","riobamba","chimborazo",199.0,2842.0,3582.0,0.0,0.0,18.0,0.0,2022.0,39.0,39.0
"procesos industriales","presencial","riobamba","chimborazo",134.0,2842.0,1072.0,0.0,0.0,8.0,0.0,2022.0,39.0,39.0
"forestal ecología y medio ambiente","presencial","riobamba","chimborazo",50.0,2842.0,2000.0,0.0,0.0,40.0,0.0,2022.0,39.0,39.0
"educación y capacitación","online","riobamba","chimborazo",161.0,2842.0,19320.0,0.0,0.0,120.0,0.0,2022.0,39.0,39.0
"procesos industriales","online","riobamba","chimborazo",30.0,2842.0,240.0,0.0,0.0,8.0,0.0,2022.0,39.0,39.0
"procesos industriales","presencial","riobamba","chimborazo",277.0,2842.0,2216.0,0.0,0.0,8.0,0.0,2022.0,39.0,39.0
"procesos industriales","presencial","riobamba","chimborazo",133.0,2842.0,1064.0,0.0,0.0,8.0,0.0,2022.0,39.0,39.0
"procesos industriales","presencial","riobamba","chimborazo",133.0,2842.0,2128.0,0.0,0.0,16.0,0.0,2022.0,39.0,39.0
"procesos industriales","presencial","riobamba","chimborazo",39.0,2842.0,312.0,0.0,0.0,8.0,0.0,2022.0,39.0,39.0
"procesos industriales","presencial","riobamba","chimborazo",482.0,2842.0,7712.0,0.0,0.0,16.0,0.0,2022.0,39.0,39.0
"administración y legislación","presencial","riobamba","chimborazo",1.0,2842.0,30.0,0.0,0.0,30.0,0.0,2022.0,39.0,39.0
"educación y capacitación","presencial","riobamba","chimborazo",6.0,2842.0,240.0,0.0,0.0,40.0,0.0,2022.0,39.0,39.0
"procesos industriales","presencial","riobamba","chimborazo",28.0,2842.0,224.0,0.0,0.0,8.0,0.0,2022.0,39.0,39.0
"procesos industriales","presencial","riobamba","chimborazo",28.0,2842.0,448.0,0.0,0.0,16.0,0.0,2022.0,39.0,39.0
"forestal ecología y medio ambiente","presencial","riobamba","chimborazo",119.0,2842.0,4760.0,0.0,0.0,40.0,0.0,2022.0,39.0,39.0
"forestal ecología y medio ambiente","presencial","riobamba","chimborazo",26.0,2842.0,208.0,0.0,0.0,8.0,0.0,2022.0,39.0,39.0
"procesos industriales","presencial","riobamba","chimborazo",9.0,2842.0,108.0,0.0,0.0,12.0,0.0,2022.0,39.0,39.0
"procesos industriales","presencial","riobamba","chimborazo",327.0,2842.0,5232.0,0.0,0.0,16.0,0.0,2022.0,39.0,39.0
"administración y legislación","presencial","ibarra","imbabura",33.0,216.0,660.0,0.0,0.0,20.0,0.0,2021.0,3.0,2.3333333333333335
"administración y legislación","presencial","ibarra","imbabura",148.0,216.0,59200.0,0.0,0.0,400.0,0.0,2021.0,3.0,2.3333333333333335
"administración y legislación","presencial","ibarra","imbabura",35.0,216.0,7000.0,0.0,0.0,200.0,0.0,2021.0,3.0,2.3333333333333335
"educación y capacitación","presencial","quito","pichincha",97.0,223.0,16490.0,0.0,0.0,170.0,0.0,2021.0,2.0,4.0
"administración y legislación","presencial","quito","pichincha",36.0,77.0,6120.0,0.0,0.0,170.0,0.0,2019.0,2.0,3.3333333333333335
"educación y capacitación","presencial","quito","pichincha",41.0,77.0,6970.0,0.0,0.0,170.0,0.0,2019.0,2.0,3.3333333333333335
"artes y artesanía","presencial","quito","pichincha",284.0,2940.0,22720.0,0.0,0.0,80.0,0.0,2021.0,25.0,25.0
"artes y artesanía","presencial","quito","pichincha",1.0,17.0,360.0,0.0,0.0,360.0,0.0,2021.0,5.0,9.0
"servicios socioculturales y a la comunidad","presencial","quito","pichincha",1.0,17.0,360.0,0.0,0.0,360.0,0.0,2021.0,5.0,9.0
"administración y legislación","presencial","guayaquil","guayas",20.0,161.0,480.0,0.0,0.0,24.0,0.0,2021.0,5.0,5.0
"administración y legislación","online","guayaquil","guayas",20.0,161.0,480.0,0.0,0.0,24.0,0.0,2021.0,5.0,5.0
"finanzas comercio y ventas","presencial","quito","pichincha",6.0,190.0,48.0,0.0,0.0,8.0,0.0,2021.0,11.0,11.0
"transporte y logística","presencial","quito","pichincha",24.0,190.0,312.0,0.0,0.0,13.0,0.0,2021.0,11.0,4.0
"administración y legislación","presencial","quito","pichincha",23.0,190.0,368.0,0.0,0.0,16.0,0.0,2021.0,11.0,4.0
"administración y legislación","presencial","quito","pichincha",8.0,116.0,96.0,0.0,0.0,12.0,0.0,2019.0,12.0,12.0
"transporte y logística","presencial","quito","pichincha",8.0,116.0,104.0,0.0,0.0,13.0,0.0,2019.0,12.0,12.0
"procesos industriales","presencial","guayaquil","guayas",19.0,385.0,418.0,0.0,0.0,22.0,0.0,2021.0,10.0,9.44186046511628
"electricidad y electrónica","presencial","guayaquil","guayas",9.0,385.0,180.0,0.0,0.0,20.0,0.0,2021.0,10.0,9.44186046511628
"electricidad y electrónica","presencial","guayaquil","guayas",7.0,385.0,140.0,0.0,0.0,20.0,0.0,2021.0,10.0,9.44186046511628
"procesos industriales","presencial","guayaquil","guayas",21.0,385.0,462.0,0.0,0.0,22.0,0.0,2021.0,10.0,9.44186046511628
"procesos industriales","presencial","guayaquil","guayas",230.0,385.0,2760.0,0.0,0.0,12.0,0.0,2021.0,10.0,4.111111111111111
"mecánica industrial y minería","presencial","guayaquil","guayas",45.0,385.0,900.0,0.0,0.0,20.0,0.0,2021.0,10.0,7.0
"procesos industriales","presencial","guayaquil","guayas",1.0,385.0,12.0,0.0,0.0,12.0,0.0,2021.0,10.0,12.666666666666666
"procesos industriales","presencial","guayaquil","guayas",5.0,840.0,40.0,0.0,0.0,8.0,0.0,2018.0,17.0,17.0
"procesos industriales","presencial","guayaquil","guayas",10.0,840.0,120.0,0.0,0.0,12.0,0.0,2018.0,17.0,17.0
"procesos industriales","presencial","guayaquil","guayas",21.0,840.0,252.0,0.0,0.0,12.0,0.0,2018.0,17.0,17.0
"tecnologías de la información y comunicación","presencial","guayaquil","guayas",6.0,840.0,96.0,307.999999968,0.0,16.0,51.333333328,2018.0,17.0,17.0
"procesos industriales","presencial","guayaquil","guayas",79.0,840.0,632.0,0.0,0.0,8.0,0.0,2018.0,17.0,17.0
"mecánica industrial y minería","presencial","guayaquil","guayas",16.0,840.0,320.0,0.0,0.0,20.0,0.0,2018.0,17.0,17.0
"procesos industriales","presencial","samborondon","sin provincia",10.0,186.0,120.0,0.0,0.0,12.0,0.0,2021.0,9.0,9.0
"administración y legislación","presencial","samborondon","sin provincia",10.0,186.0,320.0,0.0,0.0,32.0,0.0,2021.0,9.0,9.0
"MISSING","desconocida","quito","pichincha",32.0,103.0,0.0,0.0,0.0,0.0,0.0,2021.0,3.0,7.0
"MISSING","desconocida","riobamba","chimborazo",35.0,116.0,0.0,0.0,0.0,0.0,0.0,2021.0,3.0,8.571428571428571
"artes y artesanía","presencial","pastaza","pastaza",11.0,12.0,3564.0,0.0,0.0,324.0,0.0,2019.0,2.0,1.5
"administración y legislación","presencial","quito","pichincha",6.0,65.0,240.0,0.0,0.0,40.0,0.0,2021.0,9.0,3.5
"educación y capacitación","online","ibarra","imbabura",122.0,219.0,14640.0,0.0,0.0,120.0,0.0,2021.0,3.0,2.3333333333333335
"educación y capacitación","online","ibarra","imbabura",14.0,219.0,1680.0,0.0,0.0,120.0,0.0,2021.0,3.0,2.3333333333333335
"artes y artesanía","presencial","quito","pichincha",8.0,36.0,320.0,0.0,0.0,40.0,0.0,2018.0,6.0,2.6666666666666665
"artes y artesanía","presencial","quito","pichincha",7.0,16.0,280.0,0.0,0.0,40.0,0.0,2019.0,5.0,2.6666666666666665
"artes y artesanía","presencial","quito","pichincha",5.0,21.0,200.0,0.0,0.0,40.0,0.0,2022.0,4.0,3.0
"artes y artesanía","presencial","quito","pichincha",7.0,21.0,280.0,0.0,0.0,40.0,0.0,2022.0,4.0,2.6666666666666665
"artes y artesanía","presencial","quito","pichincha",7.0,21.0,364.0,0.0,0.0,52.0,0.0,2022.0,4.0,2.0
"tecnologías de la información y comunicación","online","cuenca","azuay",39.0,203.0,1560.0,6240.0,0.7090909090909091,40.0,160.0,2018.0,5.0,5.0
"tecnologías de la información y comunicación","online","cuenca","azuay",46.0,203.0,1840.0,7360.0,0.8363636363636363,40.0,160.0,2018.0,5.0,5.0
"administración y legislación","presencial","quito","pichincha",7.0,71.0,140.0,0.0,0.0,20.0,0.0,2018.0,4.0,3.5
"administración y legislación","presencial","quito","pichincha",53.0,105.0,1060.0,0.0,0.0,20.0,0.0,2022.0,4.0,9.0
"administración y legislación","presencial","quito","pichincha",10.0,105.0,150.0,0.0,0.0,15.0,0.0,2022.0,4.0,7.0
"administración y legislación","presencial","quito","pichincha",4.0,105.0,80.0,0.0,0.0,20.0,0.0,2022.0,4.0,7.0
"administración y legislación","presencial","quito","pichincha",38.0,105.0,760.0,0.0,0.0,20.0,0.0,2022.0,4.0,9.0
"alimentación gastronomía y turismo","presencial","quito","pichincha",20.0,780.0,200.0,0.0,0.0,10.0,0.0,2018.0,18.0,18.0
"alimentación gastronomía y turismo","presencial","quito","pichincha",24.0,780.0,240.0,0.0,0.0,10.0,0.0,2018.0,18.0,18.0
"alimentación gastronomía y turismo","presencial","quito","pichincha",56.0,780.0,560.0,0.0,0.0,10.0,0.0,2018.0,18.0,18.0
"alimentación gastronomía y turismo","presencial","quito","pichincha",1.0,3.0,10.0,0.0,0.0,10.0,0.0,2019.0,3.0,3.0
"procesos industriales","presencial","latacunga","cotopaxi",29.0,29.0,232.0,0.0,0.0,8.0,0.0,2018.0,1.0,2.6666666666666665
"procesos industriales","presencial","latacunga","cotopaxi",538.0,1580.0,11836.0,0.0,0.0,22.0,0.0,2022.0,10.0,10.0
"educación y capacitación","presencial","santo domingo","santo domingo de los tsachilas",13.0,323.0,104.0,0.0,0.0,8.0,0.0,2022.0,5.0,9.44186046511628
"procesos industriales","presencial","santo domingo","santo domingo de los tsachilas",10.0,323.0,260.0,0.0,0.0,26.0,0.0,2022.0,5.0,9.44186046511628
"administración y legislación","presencial","santo domingo","santo domingo de los tsachilas",281.0,323.0,2248.0,0.0,0.0,8.0,0.0,2022.0,5.0,4.111111111111111
"procesos industriales","presencial","quito","pichincha",50.0,321.0,600.0,0.0,0.0,12.0,0.0,2018.0,9.0,9.44186046511628
"forestal ecología y medio ambiente","presencial","quito","pichincha",7.0,16.0,70.0,0.0,0.0,10.0,0.0,2022.0,3.0,2.6666666666666665
"alimentación gastronomía y turismo","presencial","guayaquil","guayas",35.0,35.0,8400.0,0.0,0.0,240.0,0.0,2018.0,1.0,1.0
"enseñanza","desconocida","portoviejo","manabi",256.0,290.0,0.0,0.0,0.0,0.0,0.0,2019.0,2.0,4.111111111111111
"administración y legislación","presencial","guayaquil","guayas",5.0,205.0,60.0,0.0,0.0036127167630057,12.0,0.0,2019.0,10.0,9.833333333333334
"administración y legislación","presencial","guayaquil","guayas",15.0,205.0,120.0,0.0,0.0108381502890173,8.0,0.0,2019.0,10.0,9.833333333333334
"educación y capacitación","online","quito","pichincha",6.0,29.0,720.0,0.0,0.0,120.0,0.0,2019.0,7.0,3.0
"educación y capacitación","online","quito","pichincha",72.0,80.0,8640.0,0.0,0.0,120.0,0.0,2022.0,3.0,3.3333333333333335
"educación y capacitación","presencial","quito","pichincha",11.0,332.0,220.0,0.0,0.0,20.0,0.0,2019.0,6.0,9.44186046511628
"servicios socioculturales y a la comunidad","online","guayaquil","guayas",274.0,400.0,10960.0,0.0,0.0,40.0,0.0,2022.0,5.0,4.111111111111111
"artes y artesanía","presencial","guayaquil","guayas",27.0,400.0,1080.0,0.0,0.0,40.0,0.0,2022.0,5.0,5.0
"procesos industriales","online","manta","manabi",18.0,118.0,720.0,0.0,0.0,40.0,0.0,2019.0,5.0,5.0
"tecnologías de la información y comunicación","presencial","manta","manabi",41.0,118.0,1640.0,24190.0,0.0,40.0,590.0,2019.0,5.0,5.0
"tecnologías de la información y comunicación","online","manta","manabi",41.0,118.0,1640.0,24190.0,0.0,40.0,590.0,2019.0,5.0,5.0
"alimentación gastronomía y turismo","presencial","quito","pichincha",62.0,382.0,2480.0,0.0,0.0,40.0,0.0,2022.0,6.0,5.333333333333333
"alimentación gastronomía y turismo","presencial","quito","pichincha",62.0,382.0,2480.0,0.0,0.0,40.0,0.0,2022.0,6.0,5.333333333333333
"administración y legislación","presencial","manta","manabi",33.0,271.0,396.0,0.0,0.0,12.0,0.0,2019.0,5.0,4.25
"alimentación gastronomía y turismo","presencial","manta","manabi",43.0,271.0,774.0,0.0,0.0,18.0,0.0,2019.0,5.0,4.25
"industria agropecuaria","presencial","manta","manabi",74.0,364.0,2220.0,0.0,0.0,30.0,0.0,2022.0,11.0,9.0
"alimentación gastronomía y turismo","presencial","manta","manabi",75.0,364.0,1350.0,0.0,0.0,18.0,0.0,2022.0,11.0,9.0
"alimentación gastronomía y turismo","presencial","manta","manabi",52.0,364.0,832.0,0.0,0.0,16.0,0.0,2022.0,11.0,9.0
"procesos industriales","presencial","samborondon","sin provincia",15.0,59.0,600.0,0.0,0.0,40.0,0.0,2019.0,4.0,3.294270833333333
"procesos industriales","presencial","samborondon","sin provincia",31.0,59.0,558.0,0.0,0.0,18.0,0.0,2019.0,4.0,3.294270833333333
"transporte y logística","presencial","cuenca","azuay",40.0,175.0,6880.0,0.0,0.0,172.0,0.0,2020.0,5.0,5.0
"transporte y logística","online","cuenca","azuay",29.0,175.0,4872.0,0.0,0.0,168.0,0.0,2020.0,5.0,5.0
"administración y legislación","presencial","quito","pichincha",6.0,2850.0,192.0,0.0,0.0757862826828344,32.0,0.0,2020.0,22.0,22.0
"electricidad y electrónica","presencial","quito","pichincha",194.0,2850.0,6208.0,0.0,2.4504231400783123,32.0,0.0,2020.0,22.0,22.0
"electricidad y electrónica","presencial","quito","pichincha",139.0,2850.0,4448.0,0.0,1.7557155488189973,32.0,0.0,2020.0,22.0,22.0
"electricidad y electrónica","presencial","quito","pichincha",46.0,2850.0,1472.0,0.0,0.5810281672350638,32.0,0.0,2020.0,22.0,22.0
"tecnologías de la información y comunicación","presencial","quito","pichincha",58.0,2850.0,1856.0,17947.52,0.7326007326007326,32.0,309.44,2020.0,22.0,22.0
"electricidad y electrónica","presencial","quito","pichincha",112.0,2850.0,3584.0,0.0,1.414677276746242,32.0,0.0,2020.0,22.0,22.0
"finanzas comercio y ventas","presencial","quito","pichincha",20.0,2850.0,640.0,0.0,0.2526209422761147,32.0,0.0,2020.0,22.0,22.0
"finanzas comercio y ventas","presencial","quito","pichincha",31.0,2850.0,992.0,0.0,0.3915624605279778,32.0,0.0,2020.0,22.0,22.0
"electricidad y electrónica","presencial","quito","pichincha",10.0,2850.0,320.0,0.0,0.1263104711380573,32.0,0.0,2020.0,22.0,22.0
"electricidad y electrónica","presencial","quito","pichincha",396.0,2850.0,12672.0,0.0,5.001894657067071,32.0,0.0,2020.0,22.0,22.0
"tecnologías de la información y comunicación","presencial","quito","pichincha",201.0,2850.0,6432.0,62197.44,2.5388404698749527,32.0,309.44,2020.0,22.0,22.0
"electricidad y electrónica","presencial","quito","pichincha",340.0,2850.0,10880.0,0.0,4.2945560186939495,32.0,0.0,2020.0,22.0,22.0
"tecnologías de la información y comunicación","presencial","quito","pichincha",173.0,2850.0,5536.0,53533.12,2.185171150688392,32.0,309.44,2020.0,22.0,22.0
"finanzas comercio y ventas","presencial","quito","pichincha",6.0,2850.0,192.0,0.0,0.0757862826828344,32.0,0.0,2020.0,22.0,22.0
"procesos industriales","online","quito","pichincha",189.0,435.0,3780.0,0.0,0.0,20.0,0.0,2020.0,3.0,4.111111111111111
"construcción e infraestructura","online","MISSING","imbabura",6.0,6.0,240.0,0.0,0.0,40.0,0.0,2020.0,1.0,3.0
"construcción e infraestructura","online","loja","loja",2.0,81.0,120.0,0.0,0.0,60.0,0.0,2020.0,3.0,3.0
"administración y legislación","presencial","quito","pichincha",13.0,66.0,312.0,0.0,0.0,24.0,0.0,2020.0,2.0,4.666666666666667
"tecnologías de la información y comunicación","presencial","manta","manabi",19.0,91.0,2508.0,24252.36,0.0,132.0,1276.44,2020.0,4.0,3.75
"procesos industriales","online","quito","pichincha",22.0,3423.0,176.0,0.0,1.790073230268511,8.0,0.0,2020.0,56.0,56.0
"artes y artesanía","presencial","santo domingo","santo domingo de los tsachilas",3.0,75.0,120.0,0.0,0.0,40.0,0.0,2022.0,4.0,4.0
"transporte y logística","presencial","quito","pichincha",87.0,240.0,1044.0,0.0,0.0,12.0,0.0,2022.0,5.0,9.0
"administración y legislación","presencial","quito","pichincha",19.0,348.0,380.0,0.0,0.0,20.0,0.0,2022.0,13.0,9.44186046511628
"administración y legislación","presencial","quito","pichincha",33.0,348.0,792.0,0.0,0.0,24.0,0.0,2022.0,13.0,14.0
"administración y legislación","presencial","quito","pichincha",90.0,348.0,10800.0,0.0,0.0,120.0,0.0,2022.0,13.0,5.333333333333333
"administración y legislación","presencial","quito","pichincha",6.0,348.0,48.0,0.0,0.0,8.0,0.0,2022.0,13.0,9.44186046511628
"administración y legislación","presencial","quito","pichincha",29.0,348.0,580.0,0.0,0.0,20.0,0.0,2022.0,13.0,9.44186046511628
"educación y capacitación","presencial","quito","pichincha",5.0,348.0,200.0,0.0,0.0,40.0,0.0,2022.0,13.0,9.44186046511628
"administración y legislación","presencial","quito","pichincha",40.0,348.0,800.0,0.0,0.0,20.0,0.0,2022.0,13.0,14.0
"finanzas comercio y ventas","presencial","quito","pichincha",6.0,348.0,48.0,0.0,0.0,8.0,0.0,2022.0,13.0,9.44186046511628
"administración y legislación","presencial","quito","pichincha",32.0,39.0,1280.0,0.0,0.0,40.0,0.0,2022.0,4.0,2.0
"procesos industriales","presencial","quito","pichincha",1.0,582.0,8.0,0.0,0.0,8.0,0.0,2022.0,8.0,12.666666666666666
"procesos industriales","presencial","quito","pichincha",24.0,582.0,192.0,0.0,0.0,8.0,0.0,2022.0,8.0,8.2
"procesos industriales","semipresencial","quito","pichincha",230.0,582.0,9200.0,0.0,0.0,40.0,0.0,2022.0,8.0,4.111111111111111
"procesos industriales","presencial","quito","pichincha",60.0,582.0,960.0,0.0,0.0,16.0,0.0,2022.0,8.0,8.2
"procesos industriales","presencial","quito","pichincha",24.0,582.0,192.0,0.0,0.0,8.0,0.0,2022.0,8.0,8.2
"servicios socioculturales y a la comunidad","presencial","quito","pichincha",300.0,2079.0,12000.0,0.0,0.0,40.0,0.0,2022.0,13.0,13.0
"administración y legislación","presencial","manta","manabi",475.0,619.0,19000.0,0.0,0.0,40.0,0.0,2022.0,3.0,4.111111111111111
"administración y legislación","presencial","manta","manabi",102.0,619.0,4080.0,0.0,0.0,40.0,0.0,2022.0,3.0,8.2
"educación y capacitación","presencial","guayaquil","guayas",793.0,793.0,456768.0,0.0,0.0,576.0,0.0,2022.0,1.0,17.0
"industrias manufactureras","desconocida","ibarra","imbabura",42.0,220.0,0.0,0.0,0.0,0.0,0.0,2022.0,4.0,3.3333333333333335
"servicios socioculturales y a la comunidad","online","santo domingo","santo domingo de los tsachilas",1.0,786.0,160.0,0.0,0.1262626262626262,160.0,0.0,2022.0,30.0,30.0
"administración y legislación","presencial","santo domingo","santo domingo de los tsachilas",1.0,786.0,80.0,0.0,0.1262626262626262,80.0,0.0,2022.0,30.0,30.0
"transporte y logística","presencial","santo domingo","santo domingo de los tsachilas",66.0,786.0,12672.0,0.0,8.333333333333332,192.0,0.0,2022.0,30.0,30.0
"educación y capacitación","online","santo domingo","santo domingo de los tsachilas",9.0,786.0,405.0,0.0,1.1363636363636365,45.0,0.0,2022.0,30.0,30.0
"administración y legislación","presencial","santo domingo","santo domingo de los tsachilas",1.0,786.0,120.0,0.0,0.1262626262626262,120.0,0.0,2022.0,30.0,30.0
"servicios socioculturales y a la comunidad","presencial","santo domingo","santo domingo de los tsachilas",473.0,786.0,22704.0,0.0,59.72222222222222,48.0,0.0,2022.0,30.0,30.0
"servicios socioculturales y a la comunidad","online","santo domingo","santo domingo de los tsachilas",473.0,786.0,22704.0,0.0,59.72222222222222,48.0,0.0,2022.0,30.0,30.0
"educación y capacitación","presencial","santo domingo","santo domingo de los tsachilas",8.0,786.0,960.0,0.0,1.0101010101010102,120.0,0.0,2022.0,30.0,30.0
"educación y capacitación","presencial","santo domingo","santo domingo de los tsachilas",20.0,786.0,4800.0,0.0,2.525252525252525,240.0,0.0,2022.0,30.0,30.0
"educación y capacitación","presencial","santo domingo","santo domingo de los tsachilas",16.0,786.0,7680.0,0.0,2.0202020202020203,480.0,0.0,2022.0,30.0,30.0
"educación y capacitación","presencial","santo domingo","santo domingo de los tsachilas",16.0,786.0,1920.0,0.0,2.0202020202020203,120.0,0.0,2022.0,30.0,30.0
"procesos industriales","presencial","santo domingo","santo domingo de los tsachilas",6.0,786.0,360.0,0.0,0.7575757575757576,60.0,0.0,2022.0,30.0,30.0
"servicios socioculturales y a la comunidad","presencial","santo domingo","santo domingo de los tsachilas",1.0,786.0,40.0,0.0,0.1262626262626262,40.0,0.0,2022.0,30.0,30.0
"administración y legislación","online","quito","pichincha",320.0,854.0,16000.0,0.0,0.0,50.0,0.0,2022.0,2.0,2.0
"administración y legislación","presencial","guayaquil","guayas",22.0,29.0,880.0,0.0,0.0,40.0,0.0,2022.0,2.0,2.0
"administración y legislación","presencial","quito","pichincha",10.0,580.0,80.0,0.0,0.0,8.0,0.0,2022.0,11.0,8.2
"tecnologías de la información y comunicación","online","quito","pichincha",9.0,96.0,576.0,8496.0,0.0,64.0,944.0,2022.0,14.0,14.0
"tecnologías de la información y comunicación","presencial","quito","pichincha",1.0,96.0,40.0,550.0,0.0,40.0,550.0,2022.0,14.0,14.0
"procesos industriales","presencial","quito","pichincha",5.0,96.0,100.0,0.0,0.0,20.0,0.0,2022.0,14.0,14.0
"procesos industriales","presencial","ambato","tungurahua",13.0,1795.0,104.0,0.0,0.0,8.0,0.0,2022.0,35.0,35.0
"procesos industriales","presencial","ambato","tungurahua",108.0,1795.0,864.0,0.0,0.0,8.0,0.0,2022.0,35.0,35.0
"procesos industriales","presencial","ambato","tungurahua",19.0,1795.0,342.0,0.0,0.0,18.0,0.0,2022.0,35.0,35.0
"procesos industriales","presencial","ambato","tungurahua",21.0,1795.0,252.0,0.0,0.0,12.0,0.0,2022.0,35.0,35.0
"procesos industriales","presencial","ambato","tungurahua",603.0,1795.0,7236.0,0.0,0.0,12.0,0.0,2022.0,35.0,35.0
"procesos industriales","online","ambato","tungurahua",61.0,1795.0,732.0,0.0,0.0,12.0,0.0,2022.0,35.0,35.0
"procesos industriales","online","ambato","tungurahua",135.0,1795.0,1620.0,0.0,0.0,12.0,0.0,2022.0,35.0,35.0
"artes y artesanía","presencial","quito","pichincha",8.0,94.0,384.0,0.0,0.0,48.0,0.0,2022.0,4.0,3.0
"otras actividades de servicios","desconocida","quito","pichincha",46.0,94.0,0.0,0.0,0.0,0.0,0.0,2022.0,4.0,3.0
"educación y capacitación","online","latacunga","cotopaxi",34.0,132.0,1360.0,0.0,0.0,40.0,0.0,2022.0,4.0,4.0
"educación y capacitación","online","latacunga","cotopaxi",57.0,132.0,7980.0,0.0,0.0,140.0,0.0,2022.0,4.0,3.5
"administración y legislación","online","quito","pichincha",3.0,5435.0,60.0,0.0,1.7857142857142856,20.0,0.0,2022.0,55.0,55.0
"procesos industriales","online","quito","pichincha",26.0,5435.0,208.0,0.0,15.476190476190476,8.0,0.0,2022.0,55.0,55.0
"administración y legislación","presencial","quito","pichincha",28.0,5435.0,224.0,0.0,16.666666666666664,8.0,0.0,2022.0,55.0,55.0
"procesos industriales","online","quito","pichincha",40.0,5435.0,320.0,0.0,23.809523809523807,8.0,0.0,2022.0,55.0,55.0
"procesos industriales","online","quito","pichincha",28.0,5435.0,224.0,0.0,16.666666666666664,8.0,0.0,2022.0,55.0,55.0
"procesos industriales","online","quito","pichincha",21.0,5435.0,168.0,0.0,12.5,8.0,0.0,2022.0,55.0,55.0
"forestal ecología y medio ambiente","online","quito","pichincha",2.0,5435.0,20.0,0.0,1.1904761904761905,10.0,0.0,2022.0,55.0,55.0
"educación y capacitación","presencial","quito","pichincha",168.0,5435.0,3360.0,0.0,100.0,20.0,0.0,2022.0,55.0,55.0
"construcción e infraestructura","presencial","quito","pichincha",1.0,5435.0,20.0,0.0,0.5952380952380952,20.0,0.0,2022.0,55.0,55.0
"construcción e infraestructura","online","quito","pichincha",1.0,5435.0,20.0,0.0,0.5952380952380952,20.0,0.0,2022.0,55.0,55.0
"comunicación y artes gráficas","presencial","quito","pichincha",36.0,5435.0,288.0,3024.0,21.428571428571427,8.0,84.0,2022.0,55.0,55.0
"administración y legislación","online","quito","pichincha",35.0,5435.0,280.0,0.0,20.833333333333336,8.0,0.0,2022.0,55.0,55.0
"tecnologías de la información y comunicación","presencial","quito","pichincha",8.0,5435.0,120.0,384.99999996,4.761904761904762,15.0,48.124999995,2022.0,55.0,55.0
"tecnologías de la información y comunicación","online","quito","pichincha",1.0,5435.0,8.0,84.0,0.5952380952380952,8.0,84.0,2022.0,55.0,55.0
"procesos industriales","online","quito","pichincha",17.0,5435.0,170.0,0.0,10.11904761904762,10.0,0.0,2022.0,55.0,55.0
"transporte y logística","online","quito","pichincha",4.0,5435.0,32.0,0.0,2.380952380952381,8.0,0.0,2022.0,55.0,55.0
"administración y legislación","presencial","quito","pichincha",90.0,5435.0,1800.0,0.0,53.57142857142857,20.0,0.0,2022.0,55.0,55.0
"procesos industriales","online","quito","pichincha",1.0,5435.0,10.0,0.0,0.5952380952380952,10.0,0.0,2022.0,55.0,55.0
"tecnologías de la información y comunicación","presencial","quito","pichincha",1.0,5435.0,20.0,62.400000000000006,0.5952380952380952,20.0,62.400000000000006,2022.0,55.0,55.0
"procesos industriales","online","quito","pichincha",254.0,5435.0,2032.0,0.0,151.19047619047618,8.0,0.0,2022.0,55.0,55.0
"procesos industriales","presencial","quito","pichincha",254.0,5435.0,2032.0,0.0,151.19047619047618,8.0,0.0,2022.0,55.0,55.0
"procesos industriales","online","quito","pichincha",306.0,5435.0,2448.0,0.0,182.14285714285717,8.0,0.0,2022.0,55.0,55.0
"educación y capacitación","online","quito","pichincha",47.0,5435.0,376.0,0.0,27.97619047619048,8.0,0.0,2022.0,55.0,55.0
"procesos industriales","presencial","quito","pichincha",1.0,5435.0,8.0,0.0,0.5952380952380952,8.0,0.0,2022.0,55.0,55.0
"procesos industriales","online","quito","pichincha",1.0,5435.0,8.0,0.0,0.5952380952380952,8.0,0.0,2022.0,55.0,55.0
"procesos industriales","presencial","quito","pichincha",516.0,5435.0,4128.0,0.0,307.1428571428572,8.0,0.0,2022.0,55.0,55.0
"procesos industriales","online","quito","pichincha",516.0,5435.0,8256.0,0.0,307.1428571428572,16.0,0.0,2022.0,55.0,55.0
"servicios socioculturales y a la comunidad","online","quito","pichincha",8.0,5435.0,64.0,0.0,4.761904761904762,8.0,0.0,2022.0,55.0,55.0
"servicios socioculturales y a la comunidad","presencial","quito","pichincha",11.0,5435.0,88.0,0.0,6.547619047619048,8.0,0.0,2022.0,55.0,55.0
"procesos industriales","presencial","quito","pichincha",5.0,5435.0,40.0,0.0,2.976190476190476,8.0,0.0,2022.0,55.0,55.0
"procesos industriales","presencial","quito","pichincha",5.0,5435.0,40.0,0.0,2.976190476190476,8.0,0.0,2022.0,55.0,55.0
"administración y legislación","presencial","quito","pichincha",1.0,5435.0,20.0,0.0,0.5952380952380952,20.0,0.0,2022.0,55.0,55.0
"procesos industriales","presencial","quito","pichincha",519.0,5435.0,10380.0,0.0,308.92857142857144,20.0,0.0,2022.0,55.0,55.0
"procesos industriales","presencial","quito","pichincha",2.0,5435.0,20.0,0.0,1.1904761904761905,10.0,0.0,2022.0,55.0,55.0
"procesos industriales","presencial","quito","pichincha",12.0,12.0,768.0,0.0,0.0,64.0,0.0,2022.0,1.0,1.5
"educación y capacitación","presencial","guayaquil","guayas",123.0,193.0,8856.0,0.0,0.0,72.0,0.0,2022.0,5.0,3.5
"educación y capacitación","online","guayaquil","guayas",34.0,193.0,2448.0,0.0,0.0,72.0,0.0,2022.0,5.0,5.0
"artes y artesanía","presencial","latacunga","cotopaxi",1.0,708.0,115.0,0.0,0.0,115.0,0.0,2022.0,27.0,27.0
"administración y legislación","online","quito","pichincha",11.0,96.0,440.0,0.0,0.0,40.0,0.0,2022.0,6.0,6.0
"administración y legislación","online","quito","pichincha",35.0,96.0,1400.0,0.0,0.0,40.0,0.0,2022.0,6.0,6.0
"tecnologías de la información y comunicación","online","quito","pichincha",15.0,96.0,600.0,5802.0,0.0,40.0,386.8,2022.0,6.0,14.0
"administración y legislación","presencial","quito","pichincha",20.0,96.0,400.0,0.0,0.0,20.0,0.0,2022.0,6.0,6.0
"transporte y logística","presencial","quito","pichincha",6.0,64.0,54.0,0.0,0.0,9.0,0.0,2022.0,5.0,3.5
"educación y capacitación","presencial","quito","pichincha",13.0,64.0,689.0,0.0,0.0,53.0,0.0,2022.0,5.0,5.0
"procesos industriales","presencial","quito","pichincha",38.0,1310.0,304.0,0.0,0.0,8.0,0.0,2022.0,14.0,13.5
"procesos industriales","presencial","quito","pichincha",313.0,1310.0,6260.0,0.0,0.0,20.0,0.0,2022.0,14.0,14.0
"procesos industriales","presencial","quito","pichincha",434.0,1310.0,3472.0,0.0,0.0,8.0,0.0,2022.0,14.0,13.5
"administración y legislación","presencial","quito","pichincha",41.0,1310.0,328.0,0.0,0.0,8.0,0.0,2022.0,14.0,13.5
"administración y legislación","online","quito","pichincha",41.0,1310.0,328.0,0.0,0.0,8.0,0.0,2022.0,14.0,13.5
"educación y capacitación","presencial","quito","pichincha",11.0,1310.0,88.0,0.0,0.0,8.0,0.0,2022.0,14.0,13.5
"educación y capacitación","online","quito","pichincha",11.0,1310.0,88.0,0.0,0.0,8.0,0.0,2022.0,14.0,13.5
"finanzas comercio y ventas","presencial","quito","pichincha",6.0,1310.0,240.0,0.0,0.0,40.0,0.0,2022.0,14.0,14.0
"administración y legislación","presencial","quito","pichincha",29.0,1310.0,580.0,0.0,0.0,20.0,0.0,2022.0,14.0,14.0
"procesos industriales","presencial","quito","pichincha",13.0,1310.0,156.0,0.0,0.0,12.0,0.0,2022.0,14.0,14.0
"procesos industriales","presencial","quito","pichincha",31.0,1310.0,248.0,0.0,0.0,8.0,0.0,2022.0,14.0,13.5
"procesos industriales","presencial","quito","pichincha",73.0,1310.0,876.0,0.0,0.0,12.0,0.0,2022.0,14.0,14.0
"administración y legislación","presencial","quito","pichincha",8.0,1310.0,64.0,0.0,0.0,8.0,0.0,2022.0,14.0,13.5
"educación y capacitación","online","loja","loja",297.0,1657.0,106920.0,0.0,0.0,360.0,0.0,2022.0,7.0,8.75
"mecánica automotriz","presencial","quito","pichincha",2.0,94.0,240.0,0.0,0.0,120.0,0.0,2022.0,6.0,6.0
"artes y artesanía","presencial","quito","pichincha",26.0,94.0,5200.0,0.0,0.0,200.0,0.0,2022.0,6.0,3.3333333333333335
"alimentación gastronomía y turismo","presencial","quito","pichincha",7.0,94.0,1400.0,0.0,0.0,200.0,0.0,2022.0,6.0,6.0
"educación y capacitación","online","loja","loja",91.0,1300.0,18200.0,0.0,0.0,200.0,0.0,2022.0,21.0,8.75
"educación y capacitación","online","loja","loja",92.0,1300.0,9200.0,0.0,0.0,100.0,0.0,2022.0,21.0,8.75
"educación y capacitación","online","loja","loja",96.0,1300.0,9600.0,0.0,0.0,100.0,0.0,2022.0,21.0,8.75
"procesos industriales","semipresencial","quito","pichincha",25.0,245.0,500.0,0.0,0.0,20.0,0.0,2022.0,5.0,5.0
"educación y capacitación","semipresencial","quito","pichincha",22.0,245.0,880.0,0.0,0.0,40.0,0.0,2022.0,5.0,5.333333333333333
"administración y legislación","semipresencial","quito","pichincha",79.0,245.0,1264.0,0.0,0.0,16.0,0.0,2022.0,5.0,9.0
"alimentación gastronomía y turismo","presencial","quito","pichincha",79.0,245.0,790.0,0.0,0.0,10.0,0.0,2022.0,5.0,5.0
"procesos industriales","presencial","cuenca","azuay",31.0,94.0,496.0,0.0,0.0,16.0,0.0,2022.0,4.0,4.0
"educación y capacitación","presencial","quito","pichincha",4.0,76.0,2400.0,0.0,0.0,600.0,0.0,2022.0,4.0,7.5
"educación y capacitación","presencial","quito","pichincha",17.0,76.0,5100.0,0.0,0.0,300.0,0.0,2022.0,4.0,3.3333333333333335
"educación y capacitación","presencial","quito","pichincha",34.0,76.0,20400.0,0.0,0.0,600.0,0.0,2022.0,4.0,3.3333333333333335
"forestal ecología y medio ambiente","presencial","pastaza","pastaza",135.0,1462.0,12960.0,0.0,0.0,96.0,0.0,2022.0,18.0,18.0
"electricidad y electrónica","presencial","pastaza","pastaza",15.0,1462.0,960.0,0.0,0.0,64.0,0.0,2022.0,18.0,18.0
"actividades profesionales, científicas y técnicas","desconocida","pastaza","pastaza",169.0,1462.0,0.0,0.0,0.0,0.0,0.0,2022.0,18.0,18.0
"forestal ecología y medio ambiente","online","pastaza","pastaza",50.0,1462.0,3200.0,0.0,0.0,64.0,0.0,2022.0,18.0,18.0
"enseñanza","desconocida","MISSING","sin provincia",35.0,192.0,0.0,0.0,0.0,0.0,0.0,2022.0,4.0,8.571428571428571
"educación y capacitación","semipresencial","quito","pichincha",26.0,26.0,4680.0,0.0,0.0,180.0,0.0,2022.0,1.0,1.0
"electricidad y electrónica","presencial","latacunga","cotopaxi",29.0,195.0,1160.0,0.0,0.0,40.0,0.0,2022.0,3.0,4.0
"tecnologías de la información y comunicación","presencial","latacunga","cotopaxi",94.0,195.0,3760.0,55460.0,0.0,40.0,590.0,2022.0,3.0,3.5
"alimentación gastronomía y turismo","presencial","quito","pichincha",13.0,120.0,312.0,0.0,0.0,24.0,0.0,2022.0,9.0,5.0
"enseñanza","desconocida","quito","pichincha",14.0,117.0,0.0,0.0,0.0,0.0,0.0,2022.0,5.0,8.571428571428571
"educación y capacitación","presencial","portoviejo","manabi",16.0,90.0,2880.0,0.0,0.0,180.0,0.0,2022.0,3.0,3.75
"educación y capacitación","presencial","portoviejo","manabi",56.0,90.0,14560.0,0.0,0.0,260.0,0.0,2022.0,3.0,3.75
"servicios socioculturales y a la comunidad","presencial","quito","pichincha",120.0,237.0,5760.0,0.0,0.0,48.0,0.0,2022.0,4.0,1.3333333333333333
"administración y legislación","presencial","quito","pichincha",15.0,15.0,900.0,0.0,0.0,60.0,0.0,2022.0,1.0,1.3333333333333333
"procesos industriales","presencial","rumiñahui","pichincha",18.0,78.0,3888.0,0.0,0.0,216.0,0.0,2022.0,7.0,7.5
"otras actividades de servicios","desconocida","rumiñahui","pichincha",19.0,78.0,0.0,0.0,0.0,0.0,0.0,2022.0,7.0,3.0
"otras actividades de servicios","desconocida","rumiñahui","pichincha",16.0,78.0,0.0,0.0,0.0,0.0,0.0,2022.0,7.0,3.0
"servicios socioculturales y a la comunidad","presencial","daule","guayas",17.0,887.0,680.0,0.0,0.0,40.0,0.0,2022.0,5.0,5.0
"servicios socioculturales y a la comunidad","presencial","daule","guayas",491.0,887.0,15712.0,0.0,0.0,32.0,0.0,2022.0,5.0,5.0
"servicios socioculturales y a la comunidad","online","daule","guayas",360.0,887.0,17280.0,0.0,0.0,48.0,0.0,2022.0,5.0,5.0
"procesos industriales","presencial","shushufindi","sucumbios",338.0,865.0,6760.0,0.0,0.0,20.0,0.0,2022.0,12.0,12.0
"administración y legislación","presencial","shushufindi","sucumbios",88.0,865.0,1760.0,0.0,0.0,20.0,0.0,2022.0,12.0,12.0
"administración y legislación","presencial","ambato","tungurahua",14.0,30.0,560.0,0.0,0.0,40.0,0.0,2022.0,2.0,2.0
"administración y legislación","presencial","ambato","tungurahua",16.0,30.0,640.0,0.0,0.0,40.0,0.0,2022.0,2.0,2.0
"artes y artesanía","presencial","guayaquil","guayas",25.0,80.0,8975.0,0.0,0.0,359.0,0.0,2022.0,3.0,3.0
"administración y legislación","online","rumiñahui","pichincha",20.0,104.0,800.0,0.0,0.0,40.0,0.0,2022.0,7.0,3.0
"administración y legislación","online","rumiñahui","pichincha",11.0,104.0,440.0,0.0,0.0,40.0,0.0,2022.0,7.0,3.0
"tecnologías de la información y comunicación","online","rumiñahui","pichincha",40.0,104.0,1600.0,15472.0,0.0,40.0,386.8,2022.0,7.0,3.0
"administración y legislación","online","rumiñahui","pichincha",18.0,104.0,432.0,0.0,0.0,24.0,0.0,2022.0,7.0,3.0
"administración y legislación","online","rumiñahui","pichincha",18.0,104.0,720.0,0.0,0.0,40.0,0.0,2022.0,7.0,3.0
"procesos industriales","presencial","quito","pichincha",202.0,450.0,2424.0,0.0,0.0,12.0,0.0,2022.0,9.0,4.111111111111111
"procesos industriales","presencial","quito","pichincha",24.0,450.0,192.0,0.0,0.0,8.0,0.0,2022.0,9.0,9.44186046511628
"alimentación gastronomía y turismo","presencial","la libertad","santa elena",40.0,146.0,2800.0,0.0,0.0,70.0,0.0,2022.0,5.0,5.0
"finanzas comercio y ventas","presencial","guayaquil","guayas",152.0,227.0,1520.0,0.0,0.0,10.0,0.0,2022.0,2.0,2.0
"procesos industriales","online","quito","pichincha",9.0,485.0,360.0,0.0,0.0,40.0,0.0,2022.0,14.0,14.0
"procesos industriales","online","quito","pichincha",29.0,485.0,1160.0,0.0,0.0,40.0,0.0,2022.0,14.0,14.0
"procesos industriales","presencial","quito","pichincha",29.0,485.0,464.0,0.0,0.0,16.0,0.0,2022.0,14.0,14.0
"procesos industriales","online","quito","pichincha",5.0,485.0,200.0,0.0,0.0,40.0,0.0,2022.0,14.0,14.0
"procesos industriales","online","quito","pichincha",30.0,485.0,1200.0,0.0,0.0,40.0,0.0,2022.0,14.0,14.0
"procesos industriales","presencial","quito","pichincha",116.0,485.0,928.0,0.0,0.0,8.0,0.0,2022.0,14.0,14.0
"procesos industriales","online","quito","pichincha",116.0,485.0,928.0,0.0,0.0,8.0,0.0,2022.0,14.0,14.0
"educación y capacitación","online","quito","pichincha",33.0,75.0,660.0,0.0,0.0,20.0,0.0,2022.0,2.0,3.0
"educación y capacitación","presencial","chone","manabi",7.0,10.0,1680.0,0.0,0.0,240.0,0.0,2022.0,2.0,1.0
"educación y capacitación","presencial","quito","pichincha",4.0,16.0,600.0,0.0,0.0,150.0,0.0,2022.0,4.0,3.0
"educación y capacitación","presencial","quito","pichincha",5.0,16.0,750.0,0.0,0.0,150.0,0.0,2022.0,4.0,3.0
"educación y capacitación","presencial","tulcan","sin provincia",9.0,23.0,1080.0,0.0,0.0,120.0,0.0,2022.0,3.0,2.0
"educación y capacitación","presencial","quito","pichincha",16.0,150.0,1920.0,0.0,0.0,120.0,0.0,2022.0,5.0,5.0
"administración y legislación","presencial","ambato","tungurahua",95.0,294.0,3800.0,0.0,0.0,40.0,0.0,2022.0,4.0,12.0
"administración y legislación","online","ambato","tungurahua",95.0,294.0,3800.0,0.0,0.0,40.0,0.0,2022.0,4.0,12.0
"administración y legislación","online","ambato","tungurahua",26.0,294.0,1300.0,0.0,0.0,50.0,0.0,2022.0,4.0,12.0
"administración y legislación","online","ambato","tungurahua",53.0,294.0,2650.0,0.0,0.0,50.0,0.0,2022.0,4.0,12.0
"alimentación gastronomía y turismo","online","ambato","tungurahua",120.0,294.0,4800.0,0.0,0.0,40.0,0.0,2022.0,4.0,12.0
"educación y capacitación","presencial","machala","el oro",23.0,95.0,1380.0,0.0,0.0,60.0,0.0,2022.0,3.0,3.0
"actividades profesionales, científicas y técnicas","desconocida","quito","pichincha",7.0,469.0,0.0,0.0,0.0,0.0,0.0,2022.0,13.0,14.0
"educación y capacitación","presencial","quito","pichincha",81.0,469.0,3240.0,0.0,0.0,40.0,0.0,2022.0,13.0,14.0
"administración y legislación","presencial","quito","pichincha",34.0,469.0,1360.0,0.0,0.0,40.0,0.0,2022.0,13.0,14.0
"educación y capacitación","presencial","quito","pichincha",5.0,469.0,1100.0,0.0,0.0,220.0,0.0,2022.0,13.0,14.0
"artes y artesanía","online","quito","pichincha",22.0,116.0,440.0,0.0,0.0,20.0,0.0,2022.0,5.0,4.0
"artes y artesanía","presencial","quito","pichincha",3.0,116.0,60.0,0.0,0.0,20.0,0.0,2022.0,5.0,7.0
